id,content_type,data,downloaded,name,path,size,status,type,year,area_id,area_documentation_type_id,created_by,created_date,last_modified_by,last_modified_date
5467eb05-99e9-4f6e-bbd5-e302452b8a48,application/pdf,"""[{\\""attr\\"":\\""Memorial Descritivo\\"",\\""value\\"":\\""889c9016-549e-4750-a4ea-2ed769e3db04\\"",\\""type\\"":\\""string\\""}]""",f,Memorial_Bela_Vista.pdf,/storage/bmv/documentations-area/2023/3/14/5467eb05-99e9-4f6e-bbd5-e302452b8a48.pdf,96910,PENDING,,2022,237,5,1426,2023-03-14 12:21:41.663014,1426,2023-03-14 12:21:41.663014
d438cdf7-a1be-423b-8db8-8205dff584d4,application/pdf,"""[{\\""attr\\"":\\""CCIR\\"",\\""value\\"":\\""CCIR\\"",\\""type\\"":\\""string\\""}]""",f,CCIR9510808523419_Fazenda_Bela_Vista.pdf,/storage/bmv/documentations-area/2023/3/14/d438cdf7-a1be-423b-8db8-8205dff584d4.pdf,1423239,PENDING,,2022,237,14,1426,2023-03-14 12:23:47.783941,1426,2023-03-14 12:23:47.783941
2f908f93-f40c-48a6-8403-9bb16b26218e,application/pdf,"""[{\\""attr\\"":\\""ITR\\"",\\""value\\"":\\""ITR\\"",\\""type\\"":\\""string\\""}]""",f,02_ITR_2022_Bela_Vista.pdf,/storage/bmv/documentations-area/2023/3/14/2f908f93-f40c-48a6-8403-9bb16b26218e.pdf,47353,PENDING,,2022,237,15,1426,2023-03-14 12:24:28.040015,1426,2023-03-14 12:24:28.040015
93fbb954-1a99-48e0-a018-03d9783584e5,application/pdf,"""[{\\""attr\\"":\\""CAR\\"",\\""value\\"":\\""CAR\\"",\\""type\\"":\\""string\\""}]""",f,CAR_Bela_Vista23-01-23.pdf,/storage/bmv/documentations-area/2023/3/14/93fbb954-1a99-48e0-a018-03d9783584e5.pdf,69276,PENDING,,2022,237,16,1426,2023-03-14 12:24:53.62656,1426,2023-03-14 12:24:53.62656
af414564-c501-4b16-8437-875e5d990c61,application/pdf,"""[{\\""attr\\"":\\""Escritura\\"",\\""value\\"":\\""Escritura\\"",\\""type\\"":\\""string\\""}]""",f,01_Escritura_-_Faz_Bela_Vista__1_.pdf,/storage/bmv/documentations-area/2023/3/14/af414564-c501-4b16-8437-875e5d990c61.pdf,2703116,PENDING,,2022,237,21,1426,2023-03-14 17:45:47.488685,1426,2023-03-14 17:45:47.488685
d62c3e71-22b9-4797-8967-08ebda96c06d,application/pdf,"""[{\\""attr\\"":\\""Certidão de Inteiro Teor\\"",\\""value\\"":\\""Certidão de Inteiro Teor\\"",\\""type\\"":\\""string\\""}]""",f,Certid_o_de_inteiro_teor_de_im_vel_rural-_Fazenda_Bela_Vista.pdf,/storage/bmv/documentations-area/2023/3/14/d62c3e71-22b9-4797-8967-08ebda96c06d.pdf,1213076,PENDING,,2022,237,22,1426,2023-03-14 17:52:28.773535,1426,2023-03-14 17:52:28.773535
49dd3c2e-aeba-422f-bf7a-154d59a2423a,application/pdf,"""[{\\""attr\\"":\\""Contrato de Adesão\\"",\\""value\\"":\\""Contrato de Adesão\\"",\\""type\\"":\\""string\\""}]""",t,CONTRATO-DE-ADESO-GUARIBA-pdf-D4Sign.pdf,/storage/bmv/documentations-area/2023/7/13/49dd3c2e-aeba-422f-bf7a-154d59a2423a.pdf,2708461,PENDING,,2022,239,1,1426,2023-03-14 17:55:54.665376,918,2023-07-13 08:48:04.024764
90cd79bb-f0bd-46fc-92aa-647d138fd35f,application/pdf,"""[{\\""attr\\"":\\""Contrato de Adesão\\"",\\""value\\"":\\""Contrato de Adesão\\"",\\""type\\"":\\""string\\""}]""",f,CONTRATO-DE-ADESO-GUARIBA-pdf-D4Sign.pdf,/storage/bmv/documentations-area/2023/7/13/90cd79bb-f0bd-46fc-92aa-647d138fd35f.pdf,2708461,PENDING,,2022,238,1,1426,2023-03-14 17:53:35.206953,918,2023-07-13 08:46:42.690465
0bdfbe54-3c3c-403e-b472-fbc8eef67841,application/pdf,"""[{\\""attr\\"":\\""CCIR\\"",\\""value\\"":\\""CCIR\\"",\\""type\\"":\\""string\\""}]""",f,CCIR9510808722705_Fazenda_Felicidade.pdf,/storage/bmv/documentations-area/2023/3/14/0bdfbe54-3c3c-403e-b472-fbc8eef67841.pdf,1426564,PENDING,,2022,239,14,1426,2023-03-14 17:56:24.570926,1426,2023-03-14 17:56:24.570926
208d69ab-ac21-408b-8ec9-61f995f06ab2,application/pdf,"""[{\\""attr\\"":\\""ITR\\"",\\""value\\"":\\""ITR\\"",\\""type\\"":\\""string\\""}]""",f,02_ITR_2022_Felicidade__1_.pdf,/storage/bmv/documentations-area/2023/3/14/208d69ab-ac21-408b-8ec9-61f995f06ab2.pdf,47004,PENDING,,2022,239,15,1426,2023-03-14 17:56:45.123959,1426,2023-03-14 17:56:45.123959
41884741-5833-44e1-a4c5-d4db7ee48f3d,application/pdf,"""[{\\""attr\\"":\\""CAR\\"",\\""value\\"":\\""CAR\\"",\\""type\\"":\\""string\\""}]""",f,CAR_Felicidade23-01-23.pdf,/storage/bmv/documentations-area/2023/3/14/41884741-5833-44e1-a4c5-d4db7ee48f3d.pdf,65030,PENDING,,2022,239,16,1426,2023-03-14 17:57:07.163554,1426,2023-03-14 17:57:07.163554
af5273a5-1d9d-44a0-ae76-2e235ed048c5,application/pdf,"""[{\\""attr\\"":\\""Escritura\\"",\\""value\\"":\\""Escritura\\"",\\""type\\"":\\""string\\""}]""",f,01_Escritura_-_Faz.Felicidade.pdf,/storage/bmv/documentations-area/2023/3/14/af5273a5-1d9d-44a0-ae76-2e235ed048c5.pdf,2535813,PENDING,,2022,239,21,1426,2023-03-14 17:57:31.979153,1426,2023-03-14 17:57:31.979153
83fcf677-9dff-420e-a2cb-36aeefe434c3,application/pdf,"""[{\\""attr\\"":\\""Memorial Descritivo\\"",\\""value\\"":\\""Memorial Descritivo\\"",\\""type\\"":\\""string\\""}]""",f,Memorial_Felicidade.pdf,/storage/bmv/documentations-area/2023/3/14/83fcf677-9dff-420e-a2cb-36aeefe434c3.pdf,103068,PENDING,,2022,239,5,1426,2023-03-14 17:58:18.735429,1426,2023-03-14 17:58:18.735429
30f7fef2-7420-4f36-87f3-1869b0acce4a,application/pdf,"""[{\\""attr\\"":\\""Certidão de Inteiro Teor\\"",\\""value\\"":\\""Certidão de Inteiro Teor\\"",\\""type\\"":\\""string\\""}]""",f,Certid_o_de_inteiro_teor_de_im_vel_rural-_Fazenda_Felicidade.pdf,/storage/bmv/documentations-area/2023/3/14/30f7fef2-7420-4f36-87f3-1869b0acce4a.pdf,1854664,PENDING,,2022,239,22,1426,2023-03-14 17:59:11.788981,1426,2023-03-14 17:59:11.788981
9ea9813f-3a29-49c8-8ffc-6c8c5c010435,application/pdf,"[{""attr"": ""CCIR"", ""type"": ""string"", ""value"": ""CCIR""}]",f,CCIR_Faz_Para_so.pdf,/storage/bmv/documentations-area/2023/5/4/9ea9813f-3a29-49c8-8ffc-6c8c5c010435.pdf,1422833,PENDING,,2022,238,14,1426,2023-05-04 10:48:42.490489,1426,2023-05-04 10:48:42.490489
6bec27c5-c096-4d0c-b27c-96639b451db0,application/pdf,"[{""attr"": ""ITR"", ""type"": ""string"", ""value"": ""ITR""}]",f,Certid_o_do_ITR_Fazenda_Para_so.pdf,/storage/bmv/documentations-area/2023/5/4/6bec27c5-c096-4d0c-b27c-96639b451db0.pdf,78682,PENDING,,2022,238,15,1426,2023-05-04 10:49:15.097676,1426,2023-05-04 10:49:15.097676
b3dbb181-64cc-4735-85ab-648fe39055de,application/pdf,"[{""attr"": ""CAR"", ""type"": ""string"", ""value"": ""CAR""}]",f,CAR_PARA_SO_AM-1300144-D1B8EE5E35064CAC816D2E2AA67538C3.pdf,/storage/bmv/documentations-area/2023/5/4/b3dbb181-64cc-4735-85ab-648fe39055de.pdf,649303,PENDING,,2022,238,16,1426,2023-05-04 10:49:41.775717,1426,2023-05-04 10:49:41.775717
45b2021f-4415-4b08-88fe-4365e8583459,application/pdf,"[{""attr"": ""Certidão de Inteiro Teor"", ""type"": ""string"", ""value"": ""Certidão de Inteiro Teor""}]",f,Certid_o_de_inteiro_teor_de_im_vel_rural_-_Fazenda_Para_so.pdf,/storage/bmv/documentations-area/2023/5/4/45b2021f-4415-4b08-88fe-4365e8583459.pdf,475909,PENDING,,2022,238,22,1426,2023-05-04 10:50:43.430776,1426,2023-05-04 10:50:43.430776
d3bc5332-c469-4012-ac17-97b418d4e876,application/pdf,"[{""attr"": ""CCIR"", ""type"": ""string"", ""value"": ""CCIR""}]",f,CCIR_-_Atualizada.pdf,/storage/bmv/documentations-area/2023/5/5/d3bc5332-c469-4012-ac17-97b418d4e876.pdf,1428142,PENDING,,2022,240,14,1426,2023-05-05 16:29:25.300309,1426,2023-05-05 16:29:25.300309
540ad810-f6f4-4f89-b3ba-473f18215895,application/pdf,"[{""attr"": ""CAR"", ""type"": ""string"", ""value"": ""CAR""}]",f,CAR.pdf,/storage/bmv/documentations-area/2023/5/5/540ad810-f6f4-4f89-b3ba-473f18215895.pdf,685783,PENDING,,2022,240,16,1426,2023-05-05 16:30:03.324632,1426,2023-05-05 16:30:03.324632
9c792072-9911-4a88-bae2-3f5067644c82,application/pdf,"[{""attr"": ""Memorial Descritivo"", ""type"": ""string"", ""value"": ""Memorial Descritivo""}]",f,P_ginas_de_Certid_o_-_Memorial_Descritivo.pdf,/storage/bmv/documentations-area/2023/5/5/9c792072-9911-4a88-bae2-3f5067644c82.pdf,82028,PENDING,,2022,240,5,1426,2023-05-05 16:31:12.725397,1426,2023-05-05 16:58:27.358374
178e43bb-c8a8-43cd-8cb1-faef47212b95,application/pdf,"""{\\""matricula\\"":\\""matricula\\""}""",t,matricula.pdf,/storage/bmv/documentations-area/2022/2/1/178e43bb-c8a8-43cd-8cb1-faef47212b95.pdf,667004,PENDING,,2010,1,3,1,2022-02-01 15:12:24.405685,1,2022-02-01 15:12:24.405685
82597092-0767-41e2-9443-774d30d27d24,application/pdf,"""{\\""mapa\\"":\\""mapa fazenda\\""}""",t,mapa fazenda.pdf,/storage/bmv/documentations-area/2022/2/1/82597092-0767-41e2-9443-774d30d27d24.pdf,667004,PENDING,,2010,1,4,1,2022-02-01 15:13:11.195983,1,2022-02-01 15:13:11.195983
60a4092a-74e0-4a6c-84c6-f8aa0a0db646,application/pdf,"[{""attr"": ""CCIR"", ""type"": ""string"", ""value"": ""CCIR""}]",f,CCIR.pdf,/storage/bmv/documentations-area/2023/5/5/60a4092a-74e0-4a6c-84c6-f8aa0a0db646.pdf,1423945,PENDING,,2022,241,14,1426,2023-05-05 16:32:56.497739,1426,2023-05-05 16:32:56.497739
e08943ca-c6c9-4e18-8b61-a18645eb03ba,application/pdf,"[{""attr"": ""Memorial Descritivo"", ""type"": ""string"", ""value"": ""Memorial Descritivo""}]",f,P_ginas_de_Memorial_Descritivo.pdf,/storage/bmv/documentations-area/2023/5/5/e08943ca-c6c9-4e18-8b61-a18645eb03ba.pdf,335181,PENDING,,2022,252,5,1426,2023-05-05 17:14:27.237943,1426,2023-05-05 17:14:27.237943
89aa7830-d9bc-482e-bc78-8d07cb3a81c5,application/pdf,"[{""attr"": ""Certidão de Inteiro Teor"", ""type"": ""string"", ""value"": ""Certidão de Inteiro Teor""}]",f,Certid_o.pdf,/storage/bmv/documentations-area/2023/5/5/89aa7830-d9bc-482e-bc78-8d07cb3a81c5.pdf,1651178,PENDING,,2022,240,22,1426,2023-05-05 16:30:47.562851,1426,2023-05-05 16:59:54.968683
f3e61ce5-9997-4f80-8598-96cc4fc370d6,application/pdf,"[{""attr"": ""CAR"", ""type"": ""string"", ""value"": ""CAR""}]",f,P_ginas_de_Car.pdf,/storage/bmv/documentations-area/2023/5/5/f3e61ce5-9997-4f80-8598-96cc4fc370d6.pdf,698779,PENDING,,2022,241,16,1426,2023-05-05 16:33:19.628848,1426,2023-05-05 17:03:07.844022
2d41d016-2986-4062-a28c-a5c60212cf3c,application/pdf,"[{""attr"": ""Certidão de Inteiro Teor"", ""type"": ""string"", ""value"": ""Certidão de Inteiro Teor""}]",f,P_ginas_de_Certid_o_de_inteiro_teor.pdf,/storage/bmv/documentations-area/2023/5/5/2d41d016-2986-4062-a28c-a5c60212cf3c.pdf,1834762,PENDING,,2022,241,22,1426,2023-05-05 16:33:58.650956,1426,2023-05-05 17:03:25.396815
9f605863-f85a-4aa4-bc2b-0ef734029b91,application/pdf,"[{""attr"": ""Memorial Descritivo"", ""type"": ""string"", ""value"": ""Memorial Descritivo""}]",f,P_ginas_de_Memorial_Descritivo.pdf,/storage/bmv/documentations-area/2023/5/5/9f605863-f85a-4aa4-bc2b-0ef734029b91.pdf,319716,PENDING,,2022,241,5,1426,2023-05-05 16:34:41.711591,1426,2023-05-05 17:04:17.704792
f46b23c3-3953-49f4-831a-945ef3603196,application/pdf,"[{""attr"": ""CCIR"", ""type"": ""string"", ""value"": ""CCIR""}]",f,CCIR.pdf,/storage/bmv/documentations-area/2023/5/5/f46b23c3-3953-49f4-831a-945ef3603196.pdf,1426789,PENDING,,2022,242,14,1426,2023-05-05 17:05:45.214969,1426,2023-05-05 17:05:45.214969
0865e7a7-7135-4e31-b532-9485f164b1c8,application/pdf,"[{""attr"": ""CAR"", ""type"": ""string"", ""value"": ""CAR""}]",f,P_ginas_de_CAR.pdf,/storage/bmv/documentations-area/2023/5/5/0865e7a7-7135-4e31-b532-9485f164b1c8.pdf,6526178,PENDING,,2022,242,16,1426,2023-05-05 17:08:33.11078,1426,2023-05-05 17:08:33.11078
7cb733a0-c21c-473b-a688-02c6e7f80d6f,application/pdf,"[{""attr"": ""Memorial Descritivo"", ""type"": ""string"", ""value"": ""Memorial Descritivo""}]",f,P_ginas_de__Memorial_Descritivo.pdf,/storage/bmv/documentations-area/2023/5/5/7cb733a0-c21c-473b-a688-02c6e7f80d6f.pdf,329740,PENDING,,2022,242,5,1426,2023-05-05 17:09:50.282726,1426,2023-05-05 17:09:50.282726
a69aeb48-986b-43b4-9344-9c5bb94b7cbc,application/pdf,"[{""attr"": ""Certidão de Inteiro Teor"", ""type"": ""string"", ""value"": ""Certidão de Inteiro Teor""}]",f,P_ginas_de_Certid_o_de_inteiro_teor.pdf,/storage/bmv/documentations-area/2023/5/5/a69aeb48-986b-43b4-9344-9c5bb94b7cbc.pdf,597274,PENDING,,2022,242,22,1426,2023-05-05 17:10:55.198729,1426,2023-05-05 17:10:55.198729
43e0be20-c13c-4bad-b2c5-5c71d257d5a9,application/pdf,"[{""attr"": ""CCIR"", ""type"": ""string"", ""value"": ""CCIR""}]",f,CCIR.pdf,/storage/bmv/documentations-area/2023/5/5/43e0be20-c13c-4bad-b2c5-5c71d257d5a9.pdf,1426900,PENDING,,2022,252,14,1426,2023-05-05 17:12:04.985649,1426,2023-05-05 17:12:04.985649
8ccf0cec-7d52-4415-ab1c-3fc1f568e2d8,application/pdf,"[{""attr"": ""CAR"", ""type"": ""string"", ""value"": ""CAR""}]",f,P_ginas_de_CAR.pdf,/storage/bmv/documentations-area/2023/5/5/8ccf0cec-7d52-4415-ab1c-3fc1f568e2d8.pdf,1921653,PENDING,,2022,252,16,1426,2023-05-05 17:12:59.456758,1426,2023-05-05 17:12:59.456758
7183b5ac-cfeb-4f1c-9cbc-a9ded2d31bf6,application/pdf,"[{""attr"": ""Certidão de Inteiro Teor"", ""type"": ""string"", ""value"": ""Certidão de Inteiro Teor""}]",f,P_ginas_de_Certid_o_de_inteiro_teor.pdf,/storage/bmv/documentations-area/2023/5/5/7183b5ac-cfeb-4f1c-9cbc-a9ded2d31bf6.pdf,2819586,PENDING,,2022,252,22,1426,2023-05-05 17:14:53.945183,1426,2023-05-05 17:14:53.945183
7afa2a28-532d-47b3-b379-454c904adfd3,application/pdf,"[{""attr"": ""CCIR"", ""type"": ""string"", ""value"": ""CCIR""}]",f,CCIR.pdf,/storage/bmv/documentations-area/2023/5/5/7afa2a28-532d-47b3-b379-454c904adfd3.pdf,1425896,PENDING,,2022,243,14,1426,2023-05-05 17:16:13.303247,1426,2023-05-05 17:16:13.303247
d4f78803-b221-4eee-bf12-9bbfb3d98c4e,application/pdf,"[{""attr"": ""CAR"", ""type"": ""string"", ""value"": ""CAR""}]",f,P_ginas_de_CAR.pdf,/storage/bmv/documentations-area/2023/5/5/d4f78803-b221-4eee-bf12-9bbfb3d98c4e.pdf,7886079,PENDING,,2022,243,16,1426,2023-05-05 17:18:04.032992,1426,2023-05-05 17:18:04.032992
8a325f78-74fa-4653-957d-896d747df6e7,application/pdf,"[{""attr"": ""Memorial Descritivo "", ""type"": ""string"", ""value"": ""Memorial Descritivo ""}]",f,P_ginas_de_Memorial_Descritivo.pdf,/storage/bmv/documentations-area/2023/5/5/8a325f78-74fa-4653-957d-896d747df6e7.pdf,340968,PENDING,,2022,243,5,1426,2023-05-05 17:19:06.743327,1426,2023-05-05 17:19:06.743327
ae8b19d5-d153-4f6c-9229-3aa2707af5aa,application/pdf,"[{""attr"": ""Certidão de Inteiro Teor"", ""type"": ""string"", ""value"": ""Certidão de Inteiro Teor""}]",f,P_ginas_de_Certid_o_de_inteiro_teor.pdf,/storage/bmv/documentations-area/2023/5/5/ae8b19d5-d153-4f6c-9229-3aa2707af5aa.pdf,2252732,PENDING,,2022,243,22,1426,2023-05-05 17:19:36.43133,1426,2023-05-05 17:19:36.43133
44879713-d24c-4ee8-859d-8bc3a86d722e,application/pdf,"[{""attr"": ""CCIR"", ""type"": ""string"", ""value"": ""CCIR""}]",f,CCIR.pdf,/storage/bmv/documentations-area/2023/5/5/44879713-d24c-4ee8-859d-8bc3a86d722e.pdf,1425417,PENDING,,2022,244,14,1426,2023-05-05 17:22:37.546212,1426,2023-05-05 17:22:37.546212
11135c95-896c-47d8-9b5d-859c9250371f,application/pdf,"[{""attr"": ""CAR"", ""type"": ""string"", ""value"": ""CAR""}]",f,P_ginas_de_Car.pdf,/storage/bmv/documentations-area/2023/5/5/11135c95-896c-47d8-9b5d-859c9250371f.pdf,1699041,PENDING,,2022,244,16,1426,2023-05-05 17:22:55.593644,1426,2023-05-05 17:22:55.593644
de1e83e1-ddca-460a-963e-de3a3de544c5,application/pdf,"[{""attr"": ""Memorial Descritivo"", ""type"": ""string"", ""value"": ""Memorial Descritivo""}]",f,P_ginas_de_Memorial_Descritivo.pdf,/storage/bmv/documentations-area/2023/5/5/de1e83e1-ddca-460a-963e-de3a3de544c5.pdf,339815,PENDING,,2022,244,5,1426,2023-05-05 17:23:39.101385,1426,2023-05-05 17:23:39.101385
fe936508-ce15-4155-82fe-553310d9a6ec,application/pdf,"[{""attr"": ""Certidão de Inteiro Teor"", ""type"": ""string"", ""value"": ""Certidão de Inteiro Teor""}]",f,P_ginas_de_Certid_o_de_inteiro_teor.pdf,/storage/bmv/documentations-area/2023/5/5/fe936508-ce15-4155-82fe-553310d9a6ec.pdf,683837,PENDING,,2022,244,22,1426,2023-05-05 17:24:01.72182,1426,2023-05-05 17:24:01.72182
59182649-f0d3-4789-828d-3399ffc04e61,application/pdf,"[{""attr"": ""CCIR"", ""type"": ""string"", ""value"": ""CCIR""}]",f,CCIR.pdf,/storage/bmv/documentations-area/2023/5/5/59182649-f0d3-4789-828d-3399ffc04e61.pdf,1424934,PENDING,,2022,245,14,1426,2023-05-05 17:26:13.858513,1426,2023-05-05 17:26:13.858513
bbd4cd21-618d-444f-8337-16d5f1e61873,application/pdf,"[{""attr"": ""CAR"", ""type"": ""string"", ""value"": ""CAR""}]",f,P_ginas_de_Car.pdf,/storage/bmv/documentations-area/2023/5/5/bbd4cd21-618d-444f-8337-16d5f1e61873.pdf,661470,PENDING,,2022,245,16,1426,2023-05-05 17:26:28.559427,1426,2023-05-05 17:26:28.559427
b5ff6d5b-4285-445b-a485-630fd2c31e9d,application/pdf,"[{""attr"": ""Memorial Descritivo"", ""type"": ""string"", ""value"": ""Memorial Descritivo""}]",f,P_ginas_de_Memorial_Descritivo.pdf,/storage/bmv/documentations-area/2023/5/5/b5ff6d5b-4285-445b-a485-630fd2c31e9d.pdf,338395,PENDING,,2022,245,5,1426,2023-05-05 17:26:54.7923,1426,2023-05-05 17:26:54.7923
e1ba8932-f69b-4232-8e36-44d5f785c26e,application/pdf,"[{""attr"": ""CCIR"", ""type"": ""string"", ""value"": ""CCIR""}]",f,CCIR.pdf,/storage/bmv/documentations-area/2023/5/5/e1ba8932-f69b-4232-8e36-44d5f785c26e.pdf,1424934,PENDING,,2022,246,14,1426,2023-05-05 17:29:10.36018,1426,2023-05-05 17:29:10.36018
df6d4087-80ed-4130-9f26-5e9434344aab,application/pdf,"[{""attr"": ""Certidão de Inteiro Teor"", ""type"": ""string"", ""value"": ""Certidão de Inteiro Teor""}]",f,P_ginas_de_Certid_o_de_inteiro_teor.pdf,/storage/bmv/documentations-area/2023/5/5/df6d4087-80ed-4130-9f26-5e9434344aab.pdf,2376879,PENDING,,2022,245,22,1426,2023-05-05 17:27:20.343742,1426,2023-05-05 17:27:20.343742
9ef6ade5-8cfd-4206-9e51-e4df202cad63,application/pdf,"[{""attr"": ""CAR"", ""type"": ""string"", ""value"": ""CAR""}]",f,P_ginas_de_Car.pdf,/storage/bmv/documentations-area/2023/5/5/9ef6ade5-8cfd-4206-9e51-e4df202cad63.pdf,661470,PENDING,,2022,246,16,1426,2023-05-05 17:29:26.926069,1426,2023-05-05 17:29:26.926069
85be679e-2d66-4ac5-9b92-11b063f18053,application/pdf,"[{""attr"": ""Memorial Descritivo"", ""type"": ""string"", ""value"": ""Memorial Descritivo""}]",f,P_ginas_de_Memorial_Descritivo.pdf,/storage/bmv/documentations-area/2023/5/5/85be679e-2d66-4ac5-9b92-11b063f18053.pdf,338395,PENDING,,2022,246,5,1426,2023-05-05 17:29:51.70433,1426,2023-05-05 17:29:51.70433
f092d776-28e7-4a83-81aa-d662451e8c16,application/pdf,"[{""attr"": ""Certidão de Inteiro Teor"", ""type"": ""string"", ""value"": ""Certidão de Inteiro Teor""}]",f,P_ginas_de_Certid_o_de_inteiro_teor.pdf,/storage/bmv/documentations-area/2023/5/5/f092d776-28e7-4a83-81aa-d662451e8c16.pdf,2376879,PENDING,,2022,246,22,1426,2023-05-05 17:30:16.219751,1426,2023-05-05 17:30:16.219751
12ec4e69-8f8d-495e-b2ea-ea2958d8c408,application/pdf,"[{""attr"": ""CCIR"", ""type"": ""string"", ""value"": ""CCIR""}]",f,CCIR.pdf,/storage/bmv/documentations-area/2023/5/5/12ec4e69-8f8d-495e-b2ea-ea2958d8c408.pdf,1427054,PENDING,,2022,247,14,1426,2023-05-05 17:32:21.153461,1426,2023-05-05 17:32:21.153461
f5c17c5e-31c4-48cd-ac10-80212875cf76,application/pdf,"[{""attr"": ""CAR"", ""type"": ""string"", ""value"": ""CAR""}]",f,P_ginas_de_Car.pdf,/storage/bmv/documentations-area/2023/5/5/f5c17c5e-31c4-48cd-ac10-80212875cf76.pdf,664856,PENDING,,2022,247,16,1426,2023-05-05 17:32:42.120268,1426,2023-05-05 17:32:42.120268
f6ee2ec2-a0ca-46c7-8e12-ef4fc31a03f6,application/pdf,"[{""attr"": ""Memorial Descritivo "", ""type"": ""string"", ""value"": ""Memorial Descritivo ""}]",f,P_ginas_de_Memorial_Descritivo.pdf,/storage/bmv/documentations-area/2023/5/5/f6ee2ec2-a0ca-46c7-8e12-ef4fc31a03f6.pdf,371993,PENDING,,2022,247,5,1426,2023-05-05 17:33:10.059772,1426,2023-05-05 17:33:10.059772
13744bfc-400d-47d2-91c6-614e9eee1683,application/pdf,"[{""attr"": ""Certidão de Inteiro Teor"", ""type"": ""string"", ""value"": ""Certidão de Inteiro Teor""}]",f,P_ginas_de_Certid_o_de_inteiro_teor.pdf,/storage/bmv/documentations-area/2023/5/5/13744bfc-400d-47d2-91c6-614e9eee1683.pdf,4330218,PENDING,,2022,247,22,1426,2023-05-05 17:33:39.535501,1426,2023-05-05 17:33:39.535501
08d53727-0c4b-43b5-b622-6bdc9c9f3bdc,application/pdf,"[{""attr"": ""Certidão de Inteiro Teor"", ""type"": ""string"", ""value"": ""Certidão de Inteiro Teor""}]",f,P_ginas_de_Certid_o_de_inteiro_teor.pdf,/storage/bmv/documentations-area/2023/5/5/08d53727-0c4b-43b5-b622-6bdc9c9f3bdc.pdf,2817052,PENDING,,2022,248,22,1426,2023-05-05 17:36:38.868082,1426,2023-05-05 17:41:21.773809
da1c4510-c582-45ea-b5cd-3591b9e2773c,application/pdf,"[{""attr"": ""CCIR"", ""type"": ""string"", ""value"": ""CCIR""}]",f,CCIR.pdf,/storage/bmv/documentations-area/2023/5/5/da1c4510-c582-45ea-b5cd-3591b9e2773c.pdf,1427737,PENDING,,2022,249,14,1426,2023-05-05 17:37:22.662527,1426,2023-05-05 17:43:24.776854
1732fbf1-5171-4a7c-a733-84b1b3d86afc,application/pdf,"[{""attr"": ""CAR"", ""type"": ""string"", ""value"": ""CAR""}]",f,P_ginas_de_Car.pdf,/storage/bmv/documentations-area/2023/5/5/1732fbf1-5171-4a7c-a733-84b1b3d86afc.pdf,683101,PENDING,,2022,249,16,1426,2023-05-05 17:38:00.887906,1426,2023-05-05 17:43:32.977048
f430d821-71cd-4829-8f15-a1c43b6b7de6,application/pdf,"[{""attr"": ""Memorial Descritivo"", ""type"": ""string"", ""value"": ""Memorial Descritivo""}]",f,P_ginas_de_Memorial_Descritivo.pdf,/storage/bmv/documentations-area/2023/5/5/f430d821-71cd-4829-8f15-a1c43b6b7de6.pdf,363635,PENDING,,2022,249,5,1426,2023-05-05 17:39:07.220136,1426,2023-05-05 17:43:49.791257
4167bde6-28af-4434-8273-8cb086b607e4,application/pdf,"[{""attr"": ""CAR"", ""type"": ""string"", ""value"": ""CAR""}]",f,CAR.pdf,/storage/bmv/documentations-area/2023/5/5/4167bde6-28af-4434-8273-8cb086b607e4.pdf,698078,PENDING,,2022,250,16,1426,2023-05-05 17:45:17.905019,1426,2023-05-05 17:45:17.905019
8d21ad13-3a4e-4a9b-a823-ed52170f3216,application/pdf,"[{""attr"": ""CCIR"", ""type"": ""string"", ""value"": ""CCIR""}]",f,CCIR.pdf,/storage/bmv/documentations-area/2023/5/5/8d21ad13-3a4e-4a9b-a823-ed52170f3216.pdf,1425698,PENDING,,2022,250,14,1426,2023-05-05 17:44:52.706728,1426,2023-05-05 17:45:27.17286
42f02503-85ee-4dc4-b5a2-b0b7afba0e55,application/pdf,"[{""attr"": ""CCIR"", ""type"": ""string"", ""value"": ""CCIR""}]",f,CCIR.pdf,/storage/bmv/documentations-area/2023/5/5/42f02503-85ee-4dc4-b5a2-b0b7afba0e55.pdf,1425676,PENDING,,2022,248,14,1426,2023-05-05 17:35:29.892419,1426,2023-05-05 17:40:51.73196
00a82557-a9fd-4186-8fc7-9a0a27efc88d,application/pdf,"[{""attr"": ""CAR"", ""type"": ""string"", ""value"": ""CAR""}]",f,P_ginas_de_car.pdf,/storage/bmv/documentations-area/2023/5/5/00a82557-a9fd-4186-8fc7-9a0a27efc88d.pdf,670909,PENDING,,2022,248,16,1426,2023-05-05 17:35:47.066864,1426,2023-05-05 17:41:00.381558
144117be-ba3c-476e-9332-e191b4280cbf,application/pdf,"[{""attr"": ""Memorial Descritivo"", ""type"": ""string"", ""value"": ""Memorial Descritivo""}]",f,P_ginas_de_Memorial_Descritivo.pdf,/storage/bmv/documentations-area/2023/5/5/144117be-ba3c-476e-9332-e191b4280cbf.pdf,383553,PENDING,,2022,248,5,1426,2023-05-05 17:36:13.858552,1426,2023-05-05 17:41:13.583431
39205bf8-011d-4267-87a0-e2821fcb0710,application/pdf,"[{""attr"": ""Certidão de Inteiro Teor"", ""type"": ""string"", ""value"": ""Certidão de Inteiro Teor""}]",f,P_ginas_de_Certid_o_de_inteiro_teor.pdf,/storage/bmv/documentations-area/2023/5/5/39205bf8-011d-4267-87a0-e2821fcb0710.pdf,3833182,PENDING,,2022,249,22,1426,2023-05-05 17:39:36.336699,1426,2023-05-05 17:43:59.057092
b6d67f96-8a59-4cff-9795-a6f032933146,application/pdf,"[{""attr"": ""Memorial Descritivo"", ""type"": ""string"", ""value"": ""Memorial Descritivo""}]",f,MEMORIAL_DESCRITIVO.pdf,/storage/bmv/documentations-area/2023/5/5/b6d67f96-8a59-4cff-9795-a6f032933146.pdf,97610,PENDING,,2022,250,5,1426,2023-05-05 17:45:53.873936,1426,2023-05-05 17:45:53.873936
ed4b50d3-2ffa-4a9a-9818-23f39c87544b,application/pdf,"[{""attr"": ""Certidão de Inteiro Teor"", ""type"": ""string"", ""value"": ""Certidão de Inteiro Teor""}]",f,CERTID_O_ATUALIZADA.pdf,/storage/bmv/documentations-area/2023/5/5/ed4b50d3-2ffa-4a9a-9818-23f39c87544b.pdf,642485,PENDING,,2022,250,22,1426,2023-05-05 17:46:16.466243,1426,2023-05-05 17:46:16.466243
d4c5808f-dfb9-44f0-beb9-46a92375b93a,application/pdf,"[{""attr"": ""CAR"", ""type"": ""string"", ""value"": ""CAR""}]",f,CAR.pdf,/storage/bmv/documentations-area/2023/5/5/d4c5808f-dfb9-44f0-beb9-46a92375b93a.pdf,682501,PENDING,,2022,251,16,1426,2023-05-05 17:48:18.351482,1426,2023-05-05 17:48:18.351482
f3e1b474-c5f8-4ff1-9032-cdc010277191,application/pdf,"[{""attr"": ""Memorial Descritivo"", ""type"": ""string"", ""value"": ""Memorial Descritivo""}]",f,P_ginas_Memorial_Descritivo.pdf,/storage/bmv/documentations-area/2023/5/5/f3e1b474-c5f8-4ff1-9032-cdc010277191.pdf,81270,PENDING,,2022,251,5,1426,2023-05-05 17:48:43.209836,1426,2023-05-05 17:48:43.209836
60921a4e-5db8-45cd-8971-68108a80b991,application/pdf,"[{""attr"": ""Matrícula"", ""type"": ""string"", ""value"": ""Matrícula""}]",f,P_ginas_de_Registro_geral.pdf,/storage/bmv/documentations-area/2023/5/5/60921a4e-5db8-45cd-8971-68108a80b991.pdf,3820532,PENDING,,2022,251,3,1426,2023-05-05 17:49:11.961787,1426,2023-05-05 17:49:11.961787
9e3f556c-9624-4e97-9f4b-eaed29001843,application/pdf,"[{""attr"": ""GUARIBA"", ""type"": ""string"", ""value"": ""1""}]",f,CNPJ_Guariba.pdf,/storage/bmv/documentations-area/2023/7/13/9e3f556c-9624-4e97-9f4b-eaed29001843.pdf,108204,PENDING,,2022,238,6,918,2023-07-13 10:05:16.484844,918,2023-07-13 10:05:16.484844
f1997241-513a-4402-ac30-7aebee94509e,application/pdf,"""[{\\""attr\\"":\\""Contrato de Adesão\\"",\\""value\\"":\\""Contrato de Adesão\\"",\\""type\\"":\\""string\\""}]""",t,CONTRATO-DE-ADESO-GUARIBA-pdf-D4Sign.pdf,/storage/bmv/documentations-area/2023/7/13/f1997241-513a-4402-ac30-7aebee94509e.pdf,2708461,PENDING,,2022,237,1,1426,2023-03-14 12:22:50.987991,918,2023-07-13 08:41:08.627208
a90c6f9e-6c1b-433d-808e-551032e089a2,application/pdf,"[{""attr"": ""Contrato de Prestação Serviços"", ""type"": ""string"", ""value"": ""1""}]",f,1._Contrato_GUARIBA_AGROFLORESTAL_LTDA.pdf,/storage/bmv/documentations-area/2023/7/13/a90c6f9e-6c1b-433d-808e-551032e089a2.pdf,25940667,PENDING,,2022,237,1,918,2023-07-13 08:43:29.125317,918,2023-07-13 08:44:44.305607
e11c4f19-0950-4b27-a6ce-2e6028a8b966,application/pdf,"[{""attr"": ""Contrato de Prestação de Serviços"", ""type"": ""string"", ""value"": ""2""}]",f,2._Contrato_de_Presta__o_de_Servi_os_-_Guariba.pdf,/storage/bmv/documentations-area/2023/7/13/e11c4f19-0950-4b27-a6ce-2e6028a8b966.pdf,3979889,PENDING,,2022,237,1,918,2023-07-13 08:45:56.016529,918,2023-07-13 08:45:56.016529
5fd5577b-8295-4080-9c68-cc12d6c3cf87,application/pdf,"[{""attr"": ""Contrato de Prestação de Serviços"", ""type"": ""string"", ""value"": ""1""}]",f,1._Contrato_GUARIBA_AGROFLORESTAL_LTDA.pdf,/storage/bmv/documentations-area/2023/7/13/5fd5577b-8295-4080-9c68-cc12d6c3cf87.pdf,25940667,PENDING,,2022,238,1,918,2023-07-13 08:47:18.865354,918,2023-07-13 08:47:18.865354
f62b6a1a-888b-4844-9e69-27fcb5d5c962,application/pdf,"[{""attr"": ""Contrato de Prestação de Serviços"", ""type"": ""string"", ""value"": ""2""}]",f,2._Contrato_de_Presta__o_de_Servi_os_-_Guariba.pdf,/storage/bmv/documentations-area/2023/7/13/f62b6a1a-888b-4844-9e69-27fcb5d5c962.pdf,3979889,PENDING,,2022,238,1,918,2023-07-13 08:47:40.63157,918,2023-07-13 08:47:40.63157
f028d8c7-7e00-4915-99a3-69dcd976e974,application/pdf,"[{""attr"": ""Contrato de Prestação de Serviços"", ""type"": ""string"", ""value"": ""1""}]",f,1._Contrato_GUARIBA_AGROFLORESTAL_LTDA.pdf,/storage/bmv/documentations-area/2023/7/13/f028d8c7-7e00-4915-99a3-69dcd976e974.pdf,25940667,PENDING,,2022,239,1,918,2023-07-13 08:48:43.871329,918,2023-07-13 08:48:43.871329
6ef7e0b3-8d30-4fd2-bd4b-f792020d662b,application/pdf,"[{""attr"": ""Contrato de Prestação de Serviços"", ""type"": ""string"", ""value"": ""2""}]",f,2._Contrato_de_Presta__o_de_Servi_os_-_Guariba.pdf,/storage/bmv/documentations-area/2023/7/13/6ef7e0b3-8d30-4fd2-bd4b-f792020d662b.pdf,3979889,PENDING,,2022,239,1,918,2023-07-13 08:49:13.687342,918,2023-07-13 08:49:13.687342
209ca13c-8ee0-4d31-aed1-5b8fef5c4a4b,application/pdf,"[{""attr"": ""Certificado de origem"", ""type"": ""string"", ""value"": ""1""}]",f,3-_BMV_-_Certificado_de_Origem_N_cleo_Guariba.pdf,/storage/bmv/documentations-area/2023/7/13/209ca13c-8ee0-4d31-aed1-5b8fef5c4a4b.pdf,802033,PENDING,,2022,237,20,918,2023-07-13 09:42:16.002147,918,2023-07-13 09:42:16.002147
e7ff9cb4-954f-4e8e-b3a7-e3c4f639d1fa,application/pdf,"[{""attr"": ""PDS"", ""type"": ""string"", ""value"": ""1""}]",f,4-_BMV_-_PDS_Digital_Nucleo_Guariba.pdf,/storage/bmv/documentations-area/2023/7/13/e7ff9cb4-954f-4e8e-b3a7-e3c4f639d1fa.pdf,13217194,PENDING,,2022,237,18,918,2023-07-13 09:43:28.160746,918,2023-07-13 09:43:28.160746
51cf80a2-807e-44ae-983c-669f6cb7f130,application/pdf,"[{""attr"": ""Relatorio Tecnico"", ""type"": ""string"", ""value"": ""1""}]",f,2-_BMV_-_Relat_rio_T_cnico_Florestal_N_cleo_Guariba.pdf,/storage/bmv/documentations-area/2023/7/13/51cf80a2-807e-44ae-983c-669f6cb7f130.pdf,4937746,PENDING,,2022,237,18,918,2023-07-13 09:43:59.670903,918,2023-07-13 09:43:59.670903
e07db204-291c-411a-b261-347540e235d5,application/pdf,"[{""attr"": ""Cumprimento Contrato"", ""type"": ""string"", ""value"": ""1""}]",f,0-_BMV_-_Manual_de_Cumprimento_do_Contrato_N_cleo_Guariba.pdf,/storage/bmv/documentations-area/2023/7/13/e07db204-291c-411a-b261-347540e235d5.pdf,1840859,PENDING,,2022,237,18,918,2023-07-13 09:44:32.50775,918,2023-07-13 09:44:32.50775
2ae9b204-82f7-4d32-bd29-2a3003774dd6,application/pdf,"[{""attr"": ""Asseguração SGS"", ""type"": ""string"", ""value"": ""1""}]",f,1-_BMV_-_Dec_Asseguracao_SGS_Nucleo_Guariba.pdf,/storage/bmv/documentations-area/2023/7/13/2ae9b204-82f7-4d32-bd29-2a3003774dd6.pdf,235709,PENDING,,2022,237,18,918,2023-07-13 09:45:10.348234,918,2023-07-13 09:45:10.348234
4ce72011-7440-41fb-8e7f-3314dfef46ac,application/pdf,"[{""attr"": ""Certificado de origem"", ""type"": ""string"", ""value"": ""1""}]",f,3-_BMV_-_Certificado_de_Origem_N_cleo_Guariba.pdf,/storage/bmv/documentations-area/2023/7/13/4ce72011-7440-41fb-8e7f-3314dfef46ac.pdf,802033,PENDING,,2022,238,20,918,2023-07-13 09:45:50.802742,918,2023-07-13 09:45:50.802742
915a50ed-a661-4254-813c-a553d3e0457c,application/pdf,"[{""attr"": ""PDS"", ""type"": ""string"", ""value"": ""1""}]",f,4-_BMV_-_PDS_Digital_Nucleo_Guariba.pdf,/storage/bmv/documentations-area/2023/7/13/915a50ed-a661-4254-813c-a553d3e0457c.pdf,13217194,PENDING,,2022,238,18,918,2023-07-13 09:46:20.393026,918,2023-07-13 09:46:20.393026
2e09aced-3b99-4bde-927c-0586745464a7,application/pdf,"[{""attr"": ""Cumprimento Contrato"", ""type"": ""string"", ""value"": ""1""}]",f,0-_BMV_-_Manual_de_Cumprimento_do_Contrato_N_cleo_Guariba.pdf,/storage/bmv/documentations-area/2023/7/13/2e09aced-3b99-4bde-927c-0586745464a7.pdf,1840859,PENDING,,2022,238,18,918,2023-07-13 09:47:18.008701,918,2023-07-13 09:47:18.008701
cc066773-e282-4e51-aebc-c7fe13e3eb93,application/pdf,"[{""attr"": ""Relatorio Tecnico"", ""type"": ""string"", ""value"": ""1""}]",f,2-_BMV_-_Relat_rio_T_cnico_Florestal_N_cleo_Guariba.pdf,/storage/bmv/documentations-area/2023/7/13/cc066773-e282-4e51-aebc-c7fe13e3eb93.pdf,4937746,PENDING,,2022,238,18,918,2023-07-13 09:47:45.186473,918,2023-07-13 09:47:45.186473
23d09cb4-943e-4bdf-900e-8b55061a68ca,application/pdf,"[{""attr"": ""Certificado de origem"", ""type"": ""string"", ""value"": ""1""}]",f,3-_BMV_-_Certificado_de_Origem_N_cleo_Guariba.pdf,/storage/bmv/documentations-area/2023/7/13/23d09cb4-943e-4bdf-900e-8b55061a68ca.pdf,802033,PENDING,,2022,239,20,918,2023-07-13 09:48:41.423153,918,2023-07-13 09:48:41.423153
70a94d85-576b-4af7-8a44-5880cebc91ca,application/pdf,"[{""attr"": ""PDS"", ""type"": ""string"", ""value"": ""1""}]",f,4-_BMV_-_PDS_Digital_Nucleo_Guariba.pdf,/storage/bmv/documentations-area/2023/7/13/70a94d85-576b-4af7-8a44-5880cebc91ca.pdf,13217194,PENDING,,2022,239,18,918,2023-07-13 09:49:09.645891,918,2023-07-13 09:49:09.645891
b50ace8b-5df2-4c88-8dd8-df14381df067,application/pdf,"[{""attr"": ""CUMPRIMENTO CONTRATO"", ""type"": ""string"", ""value"": ""1""}]",f,0-_BMV_-_Manual_de_Cumprimento_do_Contrato_N_cleo_Guariba.pdf,/storage/bmv/documentations-area/2023/7/13/b50ace8b-5df2-4c88-8dd8-df14381df067.pdf,1840859,PENDING,,2022,239,18,918,2023-07-13 09:49:38.553524,918,2023-07-13 09:49:38.553524
6d0e35bb-f220-46c7-a9b2-b55ce0c4b257,application/pdf,"[{""attr"": ""RELATORIO TECNICO"", ""type"": ""string"", ""value"": ""1""}]",f,2-_BMV_-_Relat_rio_T_cnico_Florestal_N_cleo_Guariba.pdf,/storage/bmv/documentations-area/2023/7/13/6d0e35bb-f220-46c7-a9b2-b55ce0c4b257.pdf,4937746,PENDING,,2022,239,18,918,2023-07-13 09:50:02.197811,918,2023-07-13 09:50:02.197811
0ed12d6c-e127-48aa-bb5c-0d11d8d7470c,application/pdf,"[{""attr"": ""GUARIBA"", ""type"": ""string"", ""value"": ""1""}]",f,CNPJ_Guariba.pdf,/storage/bmv/documentations-area/2023/7/13/0ed12d6c-e127-48aa-bb5c-0d11d8d7470c.pdf,108204,PENDING,,2022,237,6,918,2023-07-13 10:04:16.181606,918,2023-07-13 10:04:16.181606
ff658e5d-3503-40c0-ab76-0639a9f370f7,application/pdf,"[{""attr"": ""HARMONIA"", ""type"": ""string"", ""value"": ""1""}]",f,CNPJ_Harmonia.pdf,/storage/bmv/documentations-area/2023/7/13/ff658e5d-3503-40c0-ab76-0639a9f370f7.pdf,106521,PENDING,,2022,237,6,918,2023-07-13 10:04:36.419683,918,2023-07-13 10:04:36.419683
2c703bbe-87e6-4d1d-82db-543be4c21960,application/pdf,"[{""attr"": ""HARMONIA"", ""type"": ""string"", ""value"": ""1""}]",f,CNPJ_Harmonia.pdf,/storage/bmv/documentations-area/2023/7/13/2c703bbe-87e6-4d1d-82db-543be4c21960.pdf,106521,PENDING,,2022,238,6,918,2023-07-13 10:05:35.21636,918,2023-07-13 10:05:35.21636
ec8fffc5-dd14-4da2-9e31-bbf2d3499a50,application/pdf,"[{""attr"": ""GUARIBA"", ""type"": ""string"", ""value"": ""1""}]",f,CNPJ_Guariba.pdf,/storage/bmv/documentations-area/2023/7/13/ec8fffc5-dd14-4da2-9e31-bbf2d3499a50.pdf,108204,PENDING,,2022,239,6,918,2023-07-13 10:06:25.969094,918,2023-07-13 10:06:25.969094
1d1eea31-0d4d-4401-93c2-48d79c48c144,application/pdf,"[{""attr"": ""HARMONIA"", ""type"": ""string"", ""value"": ""1""}]",f,CNPJ_Harmonia.pdf,/storage/bmv/documentations-area/2023/7/13/1d1eea31-0d4d-4401-93c2-48d79c48c144.pdf,106521,PENDING,,2022,239,6,918,2023-07-13 10:06:52.016038,918,2023-07-13 10:06:52.016038
5d38885c-2ab7-4695-9d78-9901a6f58f1c,application/pdf,"[{""attr"": ""Contrato de Parceria Rural"", ""type"": ""string"", ""value"": ""1""}]",f,230720-BMV---Contrato-de-Parceria-Rural-e-Adeso-ao-BMV--ASSOCIAO-Faz-Roosevelt--pdf-D4Sign.pdf,/storage/bmv/documentations-area/2023/8/8/5d38885c-2ab7-4695-9d78-9901a6f58f1c.pdf,4410728,PENDING,,2022,251,1,918,2023-08-08 11:17:48.96956,918,2023-08-08 11:17:48.96956
674030be-1e1d-430e-9962-fcbb11a72fb1,application/pdf,"[{""attr"": ""Parceria Rural"", ""type"": ""string"", ""value"": ""1""}]",f,230720-BMV---Contrato-de-Parceria-Rural-e-Adeso-ao-BMV--ASSOCIAO-Faz-Roosevelt--pdf-D4Sign.pdf,/storage/bmv/documentations-area/2023/8/8/674030be-1e1d-430e-9962-fcbb11a72fb1.pdf,4410728,PENDING,,2022,240,1,918,2023-08-08 12:07:20.243879,918,2023-08-08 12:07:20.243879
c5d0d990-1797-4f83-81e8-665f548ef144,application/pdf,"[{""attr"": ""Parceria Rural"", ""type"": ""string"", ""value"": ""1""}]",f,230720-BMV---Contrato-de-Parceria-Rural-e-Adeso-ao-BMV---Fazenda-Ilha-do-Bom-Jardim--pdf-D4Sign.pdf,/storage/bmv/documentations-area/2023/8/8/c5d0d990-1797-4f83-81e8-665f548ef144.pdf,3222371,PENDING,,2022,250,1,918,2023-08-08 12:08:46.122687,918,2023-08-08 12:08:46.122687
df11950d-8ac6-4e71-acc5-e0347d94dc5f,application/pdf,"[{""attr"": ""Parceria Rural"", ""type"": ""string"", ""value"": ""1""}]",f,230720-BMV---Contrato-de-Parceria-Rural-e-Adeso-ao-BMV--PLINIO-Faz-Belem-2--pdf-D4Sign.pdf,/storage/bmv/documentations-area/2023/8/8/df11950d-8ac6-4e71-acc5-e0347d94dc5f.pdf,11210429,PENDING,,2022,249,1,918,2023-08-08 12:10:49.503319,918,2023-08-08 12:10:49.503319
bf860cda-234e-45f7-b918-15b5ca9f4961,application/pdf,"[{""attr"": ""Parceria Rural"", ""type"": ""string"", ""value"": ""1""}]",f,230720-BMV---Contrato-de-Parceria-Rural-e-Adeso-ao-BMV--PLINIO-Faz-Belem-2--pdf-D4Sign.pdf,/storage/bmv/documentations-area/2023/8/8/bf860cda-234e-45f7-b918-15b5ca9f4961.pdf,11210429,PENDING,,2022,247,1,918,2023-08-08 12:12:18.22825,918,2023-08-08 12:12:18.22825
734a9301-23f6-4b52-a6ae-a26a49a35244,application/pdf,"[{""attr"": ""Parceria Rural"", ""type"": ""string"", ""value"": ""1""}]",f,230720-BMV---Contrato-de-Parceria-Rural-e-Adeso-ao-BMV--PLINIO-Faz-Belem-2--pdf-D4Sign.pdf,/storage/bmv/documentations-area/2023/8/8/734a9301-23f6-4b52-a6ae-a26a49a35244.pdf,11210429,PENDING,,2022,241,1,918,2023-08-08 12:13:26.539634,918,2023-08-08 12:13:26.539634
cd80d01f-5221-4044-b026-4b57f3c620b8,application/pdf,"[{""attr"": ""Parceria Rural"", ""type"": ""string"", ""value"": ""1""}]",f,230720-BMV---Contrato-de-Parceria-Rural-e-Adeso-ao-BMV--PLINIO-Faz-Belem-2--pdf-D4Sign.pdf,/storage/bmv/documentations-area/2023/8/8/cd80d01f-5221-4044-b026-4b57f3c620b8.pdf,11210429,PENDING,,2022,248,1,918,2023-08-08 12:14:34.465976,918,2023-08-08 12:14:34.465976
39b763f7-8806-4fa4-823a-d0f69d96adab,application/pdf,"[{""attr"": ""Parceria Rural"", ""type"": ""string"", ""value"": ""1""}]",f,230720-BMV---Contrato-de-Parceria-Rural-e-Adeso-ao-BMV--PLINIO-Faz-Belem-2--pdf-D4Sign.pdf,/storage/bmv/documentations-area/2023/8/8/39b763f7-8806-4fa4-823a-d0f69d96adab.pdf,11210429,PENDING,,2022,246,1,918,2023-08-08 12:15:24.158708,918,2023-08-08 12:15:24.158708
823463e9-9c10-4c5b-a499-28d6cde1273c,application/pdf,"[{""attr"": ""Parceria Rural"", ""type"": ""string"", ""value"": ""1""}]",f,230720-BMV---Contrato-de-Parceria-Rural-e-Adeso-ao-BMV--PLINIO-Faz-Belem-2--pdf-D4Sign.pdf,/storage/bmv/documentations-area/2023/8/8/823463e9-9c10-4c5b-a499-28d6cde1273c.pdf,11210429,PENDING,,2022,245,1,918,2023-08-08 12:16:23.083264,918,2023-08-08 12:16:23.083264
b2c88bf8-f50f-4581-bdc0-8063e6817b95,application/pdf,"[{""attr"": ""Parceria Rural"", ""type"": ""string"", ""value"": ""1""}]",f,230720-BMV---Contrato-de-Parceria-Rural-e-Adeso-ao-BMV--PLINIO-Faz-Belem-2--pdf-D4Sign.pdf,/storage/bmv/documentations-area/2023/8/8/b2c88bf8-f50f-4581-bdc0-8063e6817b95.pdf,11210429,PENDING,,2022,252,1,918,2023-08-08 12:17:11.604766,918,2023-08-08 12:17:11.604766
5d350550-b3ee-4902-8fe9-b7a86c8191ee,application/pdf,"[{""attr"": ""Parceria Rural"", ""type"": ""string"", ""value"": ""1""}]",f,230720-BMV---Contrato-de-Parceria-Rural-e-Adeso-ao-BMV--SPULDARO-Faz-Livramento--pdf-D4Sign.pdf,/storage/bmv/documentations-area/2023/8/8/5d350550-b3ee-4902-8fe9-b7a86c8191ee.pdf,0,PENDING,,2022,244,1,918,2023-08-08 12:18:55.421464,918,2023-08-08 12:18:55.421464
884c8423-162f-4d56-aaaa-c3cdf4e6c094,application/pdf,"[{""attr"": ""Parceria Rural"", ""type"": ""string"", ""value"": ""1""}]",f,230720-BMV---Contrato-de-Parceria-Rural-e-Adeso-ao-BMV--SPULDARO-Faz-Livramento--pdf-D4Sign.pdf,/storage/bmv/documentations-area/2023/8/8/884c8423-162f-4d56-aaaa-c3cdf4e6c094.pdf,0,PENDING,,2022,243,1,918,2023-08-08 12:19:43.569584,918,2023-08-08 12:19:43.569584
d81787a5-0f68-44e2-8bca-e6516b5b63e0,application/pdf,[],f,230720-BMV---Contrato-de-Parceria-Rural-e-Adeso-ao-BMV--SPULDARO-Faz-Livramento--pdf-D4Sign.pdf,/storage/bmv/documentations-area/2023/8/8/d81787a5-0f68-44e2-8bca-e6516b5b63e0.pdf,0,PENDING,,2022,242,1,918,2023-08-08 12:20:30.973626,918,2023-08-08 12:20:30.973626
635df972-9ec5-4d42-b12b-b713aedb638e,application/pdf,[],f,Memorial_descritivo.pdf,/storage/bmv/documentations-area/2023/9/6/635df972-9ec5-4d42-b12b-b713aedb638e.pdf,96354,PENDING,,2022,253,5,1725,2023-09-06 17:29:41.658965,1725,2023-09-06 17:29:41.658965
4f7a6140-e3a3-45ed-9c66-6b368c0243be,application/pdf,[],f,Geo.pdf,/storage/bmv/documentations-area/2023/9/6/4f7a6140-e3a3-45ed-9c66-6b368c0243be.pdf,354073,PENDING,,2022,253,4,1725,2023-09-06 17:32:23.891779,1725,2023-09-06 17:32:23.891779
299c07c7-ed7e-400e-a4dc-a14c992788c0,application/pdf,[],f,73794_-_Registro_de_matr_cula2.pdf,/storage/bmv/documentations-area/2023/9/6/299c07c7-ed7e-400e-a4dc-a14c992788c0.pdf,6639397,PENDING,,2022,253,3,1725,2023-09-06 17:35:47.409852,1725,2023-09-06 17:35:47.409852
0138575d-ac76-4690-ad28-c70ae5866bbf,application/pdf,[],f,ITR_-_RETIFICADORA_2022.pdf,/storage/bmv/documentations-area/2023/9/6/0138575d-ac76-4690-ad28-c70ae5866bbf.pdf,145104,PENDING,,2022,253,2,1725,2023-09-06 17:37:35.895052,1725,2023-09-06 17:37:35.895052
1d3ec105-f9a6-4765-9b3c-92f8812c4a32,application/pdf,[],f,CAR.pdf,/storage/bmv/documentations-area/2023/9/6/1d3ec105-f9a6-4765-9b3c-92f8812c4a32.pdf,1465037,PENDING,,2022,253,2,1725,2023-09-06 17:38:04.363159,1725,2023-09-06 17:38:04.363159
6199e7f4-e90f-45db-a296-7f6bc19dcd53,application/pdf,[],f,CCIR.pdf,/storage/bmv/documentations-area/2023/9/6/6199e7f4-e90f-45db-a296-7f6bc19dcd53.pdf,710609,PENDING,,2022,253,2,1725,2023-09-06 17:38:26.963959,1725,2023-09-06 17:38:26.963959
36c1d542-e7f5-4050-9c2e-f98e1a2bf156,application/pdf,[],f,Estatuto_Social_CODEMAR_Registrado_-_OItava_Altera__o_-_ASSINADO.pdf,/storage/bmv/documentations-area/2023/9/6/36c1d542-e7f5-4050-9c2e-f98e1a2bf156.pdf,3625497,PENDING,,2022,253,7,1725,2023-09-06 17:40:32.652298,1725,2023-09-06 17:40:32.652298
65c80263-0b0f-4c16-9295-e425a79369ba,application/pdf,[],f,Estatuto_Social_CODEMAR_Registrado_-_OItava_Altera__o_-_ASSINADO.pdf,/storage/bmv/documentations-area/2023/9/6/65c80263-0b0f-4c16-9295-e425a79369ba.pdf,3625497,PENDING,,2022,257,7,1725,2023-09-06 17:42:27.179948,1725,2023-09-06 17:42:27.179948
e8812089-98b9-4417-a251-081789c9819f,application/pdf,[],f,Estatuto_Social_CODEMAR_Registrado_-_OItava_Altera__o_-_ASSINADO.pdf,/storage/bmv/documentations-area/2023/9/6/e8812089-98b9-4417-a251-081789c9819f.pdf,3625497,PENDING,,2022,258,7,1725,2023-09-06 17:43:02.141217,1725,2023-09-06 17:43:02.141217
ad9cc86e-5609-493c-ab70-80baeb44947b,application/pdf,[],f,Estatuto_Social_CODEMAR_Registrado_-_OItava_Altera__o_-_ASSINADO.pdf,/storage/bmv/documentations-area/2023/9/6/ad9cc86e-5609-493c-ab70-80baeb44947b.pdf,3625497,PENDING,,2022,259,7,1725,2023-09-06 17:43:31.03232,1725,2023-09-06 17:43:31.03232
d11d5742-b13b-4a13-b40d-089f0b38c2b1,application/pdf,[],f,8854_-_Registro_de_Matr_cula.pdf,/storage/bmv/documentations-area/2023/9/6/d11d5742-b13b-4a13-b40d-089f0b38c2b1.pdf,16421532,PENDING,,2022,257,3,1725,2023-09-06 17:44:26.870795,1725,2023-09-06 17:44:26.870795
91e4eb75-729b-4699-bb41-245cb3feb98a,application/pdf,[],f,Geo.pdf,/storage/bmv/documentations-area/2023/9/6/91e4eb75-729b-4699-bb41-245cb3feb98a.pdf,416205,PENDING,,2022,257,4,1725,2023-09-06 17:44:49.660612,1725,2023-09-06 17:44:49.660612
5803e027-7f79-41ad-85a1-1c6fa2b143de,application/pdf,[],f,MEMORIAL_INCRA_SIGEF_-_FAZENDA_S_O_SEBASTI_O.pdf,/storage/bmv/documentations-area/2023/9/6/5803e027-7f79-41ad-85a1-1c6fa2b143de.pdf,103928,PENDING,,2022,257,5,1725,2023-09-06 17:45:40.931932,1725,2023-09-06 17:45:40.931932
63cd7a1d-a7e6-4e6b-b0be-23613f23c146,application/pdf,[],f,CERTID_O_DE__NUS_8854.pdf,/storage/bmv/documentations-area/2023/9/6/63cd7a1d-a7e6-4e6b-b0be-23613f23c146.pdf,14625410,PENDING,,2022,257,22,1725,2023-09-06 17:46:20.776929,1725,2023-09-06 17:46:20.776929
5ea1428b-0f1e-4d00-89d1-e8c87c962974,application/pdf,[],f,1693402523768_S_O_SEBASTI_O_-_CAR.pdf,/storage/bmv/documentations-area/2023/9/6/5ea1428b-0f1e-4d00-89d1-e8c87c962974.pdf,39195,PENDING,,2022,257,2,1725,2023-09-06 17:46:49.573065,1725,2023-09-06 17:46:49.573065
c7ab1883-a771-49c4-aa41-fc4c89341fa3,application/pdf,"[{""attr"": ""CCIR "", ""type"": ""string"", ""value"": ""CCIR ""}]",f,CCIR_-_S_O_SEBASTI_O.pdf,/storage/bmv/documentations-area/2023/9/6/c7ab1883-a771-49c4-aa41-fc4c89341fa3.pdf,964465,PENDING,,2022,257,2,1725,2023-09-06 17:47:10.592978,1725,2023-09-06 17:47:10.592978
c24a04f5-770d-468e-9f8c-f7e8b9353a29,application/pdf,[],f,ITR_-_S_O_SEBASTI_O_2022.pdf,/storage/bmv/documentations-area/2023/9/6/c24a04f5-770d-468e-9f8c-f7e8b9353a29.pdf,1418018,PENDING,,2022,257,2,1725,2023-09-06 17:47:47.565493,1725,2023-09-06 17:47:47.565493
82f49099-7d98-4248-acac-147bf7bd14b0,application/pdf,[],f,58742_-_Registro_de_matr_cula.pdf,/storage/bmv/documentations-area/2023/9/6/82f49099-7d98-4248-acac-147bf7bd14b0.pdf,50691275,PENDING,,2022,258,3,1725,2023-09-06 17:49:30.969626,1725,2023-09-06 17:49:30.969626
b196bcd6-f163-42dc-bf28-ff35f81ee85e,application/pdf,[],f,58744_-_Registro_de_matr_cula.pdf,/storage/bmv/documentations-area/2023/9/6/b196bcd6-f163-42dc-bf28-ff35f81ee85e.pdf,58205888,PENDING,,2022,258,3,1725,2023-09-06 17:50:07.784851,1725,2023-09-06 17:50:07.784851
405fef94-d805-45e7-a24e-211dc6718a9a,application/pdf,[],f,Geo.pdf,/storage/bmv/documentations-area/2023/9/6/405fef94-d805-45e7-a24e-211dc6718a9a.pdf,413495,PENDING,,2022,258,4,1725,2023-09-06 17:50:27.605274,1725,2023-09-06 17:50:27.605274
c5280542-dbc2-4c46-bb73-8e0bc407700c,application/pdf,[],f,CERTID_O_DE__NUS_58742.pdf,/storage/bmv/documentations-area/2023/9/6/c5280542-dbc2-4c46-bb73-8e0bc407700c.pdf,7501440,PENDING,,2022,258,22,1725,2023-09-06 17:50:55.064918,1725,2023-09-06 17:50:55.064918
52578a3f-ed8b-4774-9e54-d8d76bcd0495,application/pdf,"[{""attr"": ""Certidão de Ônus "", ""type"": ""string"", ""value"": ""2""}]",f,CERTID_O_DE__NUS_58744.pdf,/storage/bmv/documentations-area/2023/9/6/52578a3f-ed8b-4774-9e54-d8d76bcd0495.pdf,9501993,PENDING,,2022,258,22,1725,2023-09-06 17:51:16.804796,1725,2023-09-06 17:51:16.804796
ee344ba1-c362-48bc-84d8-89da9cecf9e8,application/pdf,[],f,Memorial_descritivo.pdf,/storage/bmv/documentations-area/2023/9/6/ee344ba1-c362-48bc-84d8-89da9cecf9e8.pdf,122501,PENDING,,2022,258,5,1725,2023-09-06 17:51:56.403759,1725,2023-09-06 17:51:56.403759
15ba7149-968b-4df4-a579-066eccd54e2b,application/pdf,[],t,CCIR.PDF,,442336,PENDING,,2022,258,2,1725,2023-09-06 17:53:03.452756,1725,2023-09-06 17:53:03.452756
59dde06c-6ab2-4860-a234-90f209efa8b1,application/pdf,[],f,CCIR.PDF,,442336,PENDING,,2022,258,2,1725,2023-09-06 17:52:46.844208,1725,2023-09-06 17:52:46.844208
5909207b-bebe-4092-b8a2-875e41dbd0d1,application/pdf,[],f,CCIR.PDF,,442336,PENDING,,2022,258,2,1725,2023-09-06 17:53:29.907586,1725,2023-09-06 17:53:29.907586
1bc9c5bf-fdb5-4636-9171-9dad90c7355c,application/pdf,[],f,CCIR-02.pdf,/storage/bmv/documentations-area/2023/9/6/1bc9c5bf-fdb5-4636-9171-9dad90c7355c.pdf,197814,PENDING,,2022,258,2,1725,2023-09-06 17:54:23.664326,1725,2023-09-06 17:54:23.664326
643c3efc-5ff5-4a3f-b58b-0906d5f24a46,application/pdf,[],f,ITR-02.pdf,/storage/bmv/documentations-area/2023/9/6/643c3efc-5ff5-4a3f-b58b-0906d5f24a46.pdf,605488,PENDING,,2022,258,2,1725,2023-09-06 17:55:17.045346,1725,2023-09-06 17:55:17.045346
583d7196-d555-47af-ac3d-cf522bd50223,application/pdf,[],f,36625_-_Registro_de_matr_cula_pt2.pdf,/storage/bmv/documentations-area/2023/9/6/583d7196-d555-47af-ac3d-cf522bd50223.pdf,1434249,PENDING,,2022,259,3,1725,2023-09-06 17:58:15.231493,1725,2023-09-06 17:58:15.231493
b3a956f5-d29b-4143-b99c-4da8781bec4f,application/pdf,"[{""attr"": ""registro de matrícula "", ""type"": ""string"", ""value"": ""110934""}]",f,110934_-_Registro_de_matr_cula_pt1.pdf,/storage/bmv/documentations-area/2023/9/6/b3a956f5-d29b-4143-b99c-4da8781bec4f.pdf,840520,PENDING,,2022,259,3,1725,2023-09-06 17:58:40.215527,1725,2023-09-06 17:58:40.215527
877729f7-cf8c-40c5-acbc-fdcd4babd627,application/pdf,[],f,CERTD_O_DE__NUS_REAIS_MATR_CULA_36625_-_FAZENDA_NOSSA_SENHORA_DO_AMPARO.pdf,/storage/bmv/documentations-area/2023/9/6/877729f7-cf8c-40c5-acbc-fdcd4babd627.pdf,9134888,PENDING,,2022,259,22,1725,2023-09-06 17:59:06.957665,1725,2023-09-06 17:59:06.957665
f7feb1f5-aeae-4616-9c0c-bc0b0ab6f34b,application/pdf,[],f,CERTID_O__NUS_MATR_CULA_110934_-_CAJU.pdf,/storage/bmv/documentations-area/2023/9/6/f7feb1f5-aeae-4616-9c0c-bc0b0ab6f34b.pdf,6698343,PENDING,,2022,259,22,1725,2023-09-06 17:59:26.045608,1725,2023-09-06 17:59:26.045608
bd530c46-54f6-4d73-b117-e5b56b200c69,application/pdf,[],f,Geo_-_pt1.pdf,/storage/bmv/documentations-area/2023/9/6/bd530c46-54f6-4d73-b117-e5b56b200c69.pdf,385550,PENDING,,2022,259,4,1725,2023-09-06 18:00:23.376575,1725,2023-09-06 18:00:23.376575
d3be9f36-16b4-436c-bd1c-70680889b527,application/pdf,[],f,Geo_-_pt2.pdf,/storage/bmv/documentations-area/2023/9/6/d3be9f36-16b4-436c-bd1c-70680889b527.pdf,395808,PENDING,,2022,259,4,1725,2023-09-06 18:00:45.02056,1725,2023-09-06 18:00:45.02056
00c26521-d199-4fb8-8265-2dee6a98bb35,application/pdf,[],f,Memorial_descritivo_SIGEF_PARCELA_1.pdf,/storage/bmv/documentations-area/2023/9/6/00c26521-d199-4fb8-8265-2dee6a98bb35.pdf,100800,PENDING,,2022,259,5,1725,2023-09-06 18:01:21.568511,1725,2023-09-06 18:01:21.568511
8d248b09-5178-4fb7-9b14-6c97ab81aeff,application/pdf,[],f,Memorial_descritivo_SIGEF_PARCELA_2.pdf,/storage/bmv/documentations-area/2023/9/6/8d248b09-5178-4fb7-9b14-6c97ab81aeff.pdf,99938,PENDING,,2022,259,5,1725,2023-09-06 18:01:50.459366,1725,2023-09-06 18:01:50.459366
7cc1d142-2650-4cc2-a2df-4b54b479313a,application/pdf,[],f,CAR_-_FAZ_AMPARO.pdf,/storage/bmv/documentations-area/2023/9/6/7cc1d142-2650-4cc2-a2df-4b54b479313a.pdf,37288,PENDING,,2022,259,2,1725,2023-09-06 18:02:07.223681,1725,2023-09-06 18:02:07.223681
3c2d84a4-b989-4a44-83b5-4922fd5f4dbc,application/pdf,[],f,CAR_-_FAZ_CAJU.pdf,/storage/bmv/documentations-area/2023/9/6/3c2d84a4-b989-4a44-83b5-4922fd5f4dbc.pdf,37362,PENDING,,2022,259,2,1725,2023-09-06 18:02:20.734417,1725,2023-09-06 18:02:20.734417
3cbe6f61-dfb6-49c2-ae5f-bf7bc914299e,application/pdf,[],f,CCIR_-_NOSSA_SENHORA_DO_AMPARO_E_CAJU.pdf,/storage/bmv/documentations-area/2023/9/6/3cbe6f61-dfb6-49c2-ae5f-bf7bc914299e.pdf,1432398,PENDING,,2022,259,2,1725,2023-09-06 18:02:45.541059,1725,2023-09-06 18:02:45.541059
608d80dd-e6ee-473b-a9e0-4cd57107bb76,application/pdf,[],f,ITR.pdf,/storage/bmv/documentations-area/2023/9/6/608d80dd-e6ee-473b-a9e0-4cd57107bb76.pdf,78505,PENDING,,2022,259,2,1725,2023-09-06 18:03:06.425432,1725,2023-09-06 18:03:06.425432
472f7a4c-b06a-4163-8689-eaf3dc9ff420,application/pdf,[],f,CNPJ_CODEMAR.pdf,/storage/bmv/documentations-area/2023/9/6/472f7a4c-b06a-4163-8689-eaf3dc9ff420.pdf,111163,PENDING,,2022,253,6,1725,2023-09-06 18:11:58.613401,1725,2023-09-06 18:11:58.613401
fc290ccb-4971-497a-80d4-a242a0a30104,application/pdf,[],f,CNH_Hamilton.pdf,/storage/bmv/documentations-area/2023/9/6/fc290ccb-4971-497a-80d4-a242a0a30104.pdf,1249306,PENDING,,2022,253,10,1725,2023-09-06 18:13:08.885527,1725,2023-09-06 18:13:08.885527
4174e2b9-28e1-4627-abad-ac6ad3118642,application/pdf,[],f,boleto_Leste_Telecom.pdf,/storage/bmv/documentations-area/2023/9/6/4174e2b9-28e1-4627-abad-ac6ad3118642.pdf,181251,PENDING,,2022,253,11,1725,2023-09-06 18:13:44.289623,1725,2023-09-06 18:13:44.289623
0e5ac6f1-6e74-43eb-ad99-2415544448b8,application/pdf,[],f,Ata_do_Conselho_de_adm_-_nomea__o_Hamilton.pdf,/storage/bmv/documentations-area/2023/9/6/0e5ac6f1-6e74-43eb-ad99-2415544448b8.pdf,7536766,PENDING,,2022,253,8,1725,2023-09-06 18:14:41.54917,1725,2023-09-06 18:14:41.54917
de4e9ea0-d684-402b-9d29-2eea8222af1b,application/pdf,[],f,CNPJ_CODEMAR.pdf,/storage/bmv/documentations-area/2023/9/6/de4e9ea0-d684-402b-9d29-2eea8222af1b.pdf,111163,PENDING,,2022,257,6,1725,2023-09-06 18:15:58.966821,1725,2023-09-06 18:15:58.966821
26c6d30f-055f-4e47-b830-88e756ab5367,application/pdf,[],f,Ata_do_Conselho_de_adm_-_nomea__o_Hamilton.pdf,/storage/bmv/documentations-area/2023/9/6/26c6d30f-055f-4e47-b830-88e756ab5367.pdf,7536766,PENDING,,2022,257,8,1725,2023-09-06 18:16:21.590551,1725,2023-09-06 18:16:21.590551
9c753a7f-1af3-49c9-83cb-cfee07ae531c,application/pdf,[],f,boleto_Leste_Telecom.pdf,/storage/bmv/documentations-area/2023/9/6/9c753a7f-1af3-49c9-83cb-cfee07ae531c.pdf,181251,PENDING,,2022,257,11,1725,2023-09-06 18:17:24.512325,1725,2023-09-06 18:17:24.512325
5c1adcac-0b2b-4499-9c15-ec527da3404e,application/pdf,[],f,CNPJ_CODEMAR.pdf,/storage/bmv/documentations-area/2023/9/6/5c1adcac-0b2b-4499-9c15-ec527da3404e.pdf,111163,PENDING,,2022,258,6,1725,2023-09-06 18:18:11.411623,1725,2023-09-06 18:18:11.411623
a16426e5-1537-49ac-b4a8-29213b45346f,application/pdf,[],f,Ata_do_Conselho_de_adm_-_nomea__o_Hamilton.pdf,/storage/bmv/documentations-area/2023/9/6/a16426e5-1537-49ac-b4a8-29213b45346f.pdf,7536766,PENDING,,2022,258,8,1725,2023-09-06 18:18:30.169489,1725,2023-09-06 18:18:30.169489
eda387bb-d5f4-461a-87b7-8e21b3d4291b,application/pdf,[],f,boleto_Leste_Telecom.pdf,/storage/bmv/documentations-area/2023/9/6/eda387bb-d5f4-461a-87b7-8e21b3d4291b.pdf,181251,PENDING,,2022,258,11,1725,2023-09-06 18:19:36.418325,1725,2023-09-06 18:19:36.418325
43b28575-efa0-4e5f-8ffd-cf26dd3234c6,application/pdf,[],f,CNPJ_CODEMAR.pdf,/storage/bmv/documentations-area/2023/9/6/43b28575-efa0-4e5f-8ffd-cf26dd3234c6.pdf,111163,PENDING,,2022,259,6,1725,2023-09-06 18:20:20.405187,1725,2023-09-06 18:20:20.405187
7355f6b7-59b7-4ea9-bddb-a06ee80e6668,application/pdf,[],f,Ata_do_Conselho_de_adm_-_nomea__o_Hamilton.pdf,/storage/bmv/documentations-area/2023/9/6/7355f6b7-59b7-4ea9-bddb-a06ee80e6668.pdf,7536766,PENDING,,2022,259,8,1725,2023-09-06 18:20:45.428393,1725,2023-09-06 18:20:45.428393
6a278e7e-d267-4bc2-b950-d53f6396905f,application/pdf,[],f,CNH_Hamilton.pdf,/storage/bmv/documentations-area/2023/9/6/6a278e7e-d267-4bc2-b950-d53f6396905f.pdf,1249306,PENDING,,2022,259,10,1725,2023-09-06 18:21:36.990076,1725,2023-09-06 18:21:36.990076
7b4ce606-7db2-4a39-bf59-49662121a96c,application/pdf,[],f,boleto_Leste_Telecom.pdf,/storage/bmv/documentations-area/2023/9/6/7b4ce606-7db2-4a39-bf59-49662121a96c.pdf,181251,PENDING,,2022,259,11,1725,2023-09-06 18:21:53.909485,1725,2023-09-06 18:21:53.909485
4bb616aa-5a18-41e5-8704-46808c82a1b6,application/pdf,[],f,CNH_Hamilton.pdf,/storage/bmv/documentations-area/2023/9/6/4bb616aa-5a18-41e5-8704-46808c82a1b6.pdf,1249306,PENDING,,2022,258,10,1725,2023-09-06 18:19:10.142499,1725,2023-09-06 18:22:22.054782
42bd5a60-6f19-4b69-aa0e-2bd23361a5b8,application/pdf,[],f,CNH_Hamilton.pdf,/storage/bmv/documentations-area/2023/9/6/42bd5a60-6f19-4b69-aa0e-2bd23361a5b8.pdf,1249306,PENDING,,2022,257,10,1725,2023-09-06 18:16:58.262783,1725,2023-09-06 18:22:54.904788
9ad372ec-7965-4c55-b313-ca6567a932bd,application/pdf,[],t,CAR.pdf,/storage/bmv/documentations-area/2023/9/6/9ad372ec-7965-4c55-b313-ca6567a932bd.pdf,39201,PENDING,,2022,258,2,1725,2023-09-06 17:52:28.905602,1725,2023-09-06 17:52:28.905602
673b0f10-0e39-465c-ae75-1d3a9598fbc7,application/pdf,"""{\\""contrato\\"":\\""contrato\\""}""",t,contrato.pdf,/storage/bmv/documentations-area/2022/2/1/673b0f10-0e39-465c-ae75-1d3a9598fbc7.pdf,667004,PENDING,,2010,1,1,1,2022-02-01 15:11:26.844617,1,2022-02-01 15:11:26.844617
02276960-50c4-4f03-a0eb-7d2cc22ed81e,application/pdf,[],t,Boleto_908_-_USIBRITAS.pdf,/storage/bmv/documentations-area/2025/12/12/02276960-50c4-4f03-a0eb-7d2cc22ed81e.pdf,71564,PENDING,,2024,1,9,890,2025-12-12 15:49:59.709924,890,2025-12-12 15:49:59.709924
