id,name,content_type,path,size,reason,bmv_status,living_carbon_certificate_order_evaluation_id,created_by,created_date,last_modified_by,last_modified_date,audit_status
46c646fc-3e1b-4b12-b507-8b591be4f1c7,3_-_20022025_Declara94C2E29Cuo_Marcio_Vaz_Arquitetura_Ltda_assinado.pdf,application/pdf,/storage/bmv/living-carbon-certificate-order-documentation/2025/3/11/42/ELECTRICITY/46c646fc-3e1b-4b12-b507-8b591be4f1c7.pdf,455550,,APPROVED,165,890,2025-03-11 11:46:17.830066,890,2025-03-11 11:47:04.875845,APPROVED
e3d20501-39e4-44b3-bd3e-2bf63d151334,Declara__o_EVERESTE_assinado.pdf,application/pdf,/storage/bmv/living-carbon-certificate-order-documentation/2024/11/5/40/TOTAL_AREA_OCCUPIED/e3d20501-39e4-44b3-bd3e-2bf63d151334.pdf,386829,,APPROVED,155,890,2024-11-05 10:50:39.802612,890,2024-11-05 10:51:31.490854,APPROVED
3692f942-d25e-4f63-8942-df993a7a00f6,Declara__o_Ribeiro___Silveira_Adv.pdf,application/pdf,/storage/bmv/living-carbon-certificate-order-documentation/2024/8/14/35/TOTAL_AREA_OCCUPIED/3692f942-d25e-4f63-8942-df993a7a00f6.pdf,276361,,APPROVED,128,890,2024-08-14 17:13:35.330657,890,2024-08-27 10:30:42.861703,APPROVED
d47b58a6-2460-47a0-9483-2fc14076ec5f,Declara__o_Progen_-_Escritorio_SP_-_Consumo__gua_timbrado_Progen.pdf,application/pdf,/storage/bmv/living-carbon-certificate-order-documentation/2024/6/19/30/WATER/d47b58a6-2460-47a0-9483-2fc14076ec5f.pdf,149834,,APPROVED,110,890,2024-06-19 15:08:59.439051,890,2024-06-20 09:00:37.877539,APPROVED
bc4692d9-a915-4949-8961-981dbbf020d9,Declara__o_Progen_-_Escritorio_SP_-_Consumo_energia_timbrado_Progen.pdf,application/pdf,/storage/bmv/living-carbon-certificate-order-documentation/2024/6/19/30/ELECTRICITY/bc4692d9-a915-4949-8961-981dbbf020d9.pdf,150566,,APPROVED,111,890,2024-06-19 15:09:15.751193,890,2024-06-20 09:00:40.587985,APPROVED
26566860-2616-404e-bf45-018241cc5115,CamScanner_23-10-2023_16.30.pdf,application/pdf,/storage/bmv/living-carbon-certificate-order-documentation/2023/10/24/26/TOTAL_AREA_OCCUPIED/26566860-2616-404e-bf45-018241cc5115.pdf,151706,,APPROVED,96,1680,2023-10-24 09:54:49.067266,1680,2023-10-24 09:57:31.453694,ANALYZING
bc96ed26-213d-4d9e-a0b4-3067be18f9e1,CamScanner_23-10-2023_16.30.pdf,application/pdf,/storage/bmv/living-carbon-certificate-order-documentation/2023/10/24/26/NUMBER_OF_PEOPLE/bc96ed26-213d-4d9e-a0b4-3067be18f9e1.pdf,151706,,APPROVED,97,1680,2023-10-24 09:54:57.320223,1680,2023-10-24 09:57:35.554125,ANALYZING
5eb85155-c497-482d-98af-7ad655f1352c,CamScanner_Agua.pdf,application/pdf,/storage/bmv/living-carbon-certificate-order-documentation/2023/10/24/26/WATER/5eb85155-c497-482d-98af-7ad655f1352c.pdf,201714,,APPROVED,98,1680,2023-10-24 09:57:05.948264,1680,2023-10-24 09:57:39.056689,ANALYZING
6f8587f4-9b4e-4801-9c6e-3195a623ca44,CamScanner_23-10-2023_16.29.pdf,application/pdf,/storage/bmv/living-carbon-certificate-order-documentation/2023/10/24/26/ELECTRICITY/6f8587f4-9b4e-4801-9c6e-3195a623ca44.pdf,156711,,APPROVED,99,1680,2023-10-24 09:57:15.116048,1680,2023-10-24 09:57:42.498647,ANALYZING
f5faf16e-47ee-42d6-953b-67d23161f478,Espelho_cadastral_do_im_vel_-_Geoportal_Cascavel.pdf,application/pdf,/storage/bmv/living-carbon-certificate-order-documentation/2023/11/28/28/TOTAL_AREA_OCCUPIED/f5faf16e-47ee-42d6-953b-67d23161f478.pdf,603842,,APPROVED,101,1680,2023-11-28 16:46:27.350248,890,2023-12-06 14:33:12.99531,APPROVED
e8b91592-7182-45e4-a8f6-e7d2c03cfeaf,Declara__o_Residuos_BEMGAIA.pdf,application/pdf,/storage/bmv/living-carbon-certificate-order-documentation/2023/12/4/28/WASTE_PRODUCTION/e8b91592-7182-45e4-a8f6-e7d2c03cfeaf.pdf,284386,,APPROVED,105,1680,2023-12-04 12:57:50.209178,890,2023-12-06 14:34:18.245384,APPROVED
b6da5e1e-02de-4cd1-8e4f-f349f7d1e368,Declara__o_Progen_-_Escritorio_SP_-_res_duos_timbrado_Progen.pdf,application/pdf,/storage/bmv/living-carbon-certificate-order-documentation/2024/6/19/30/WASTE_PRODUCTION/b6da5e1e-02de-4cd1-8e4f-f349f7d1e368.pdf,148564,,APPROVED,112,890,2024-06-19 15:09:30.213496,890,2024-06-20 09:00:43.779456,APPROVED
1218d39b-ef0f-48f8-a26f-ee60ddee7acf,Declara__o_Ribeiro___Silveira_Adv.pdf,application/pdf,/storage/bmv/living-carbon-certificate-order-documentation/2024/8/14/35/NUMBER_OF_PEOPLE/1218d39b-ef0f-48f8-a26f-ee60ddee7acf.pdf,276361,,APPROVED,129,890,2024-08-14 17:13:40.369513,890,2024-08-27 10:30:45.953718,APPROVED
3e71b70b-2753-434b-976c-8e04404c0add,Declara__o_de_Combustiveis_-_BEMGAIA.pdf,application/pdf,/storage/bmv/living-carbon-certificate-order-documentation/2023/12/5/28/GASOLINE/3e71b70b-2753-434b-976c-8e04404c0add.pdf,276401,,APPROVED,106,1680,2023-12-04 12:58:02.924313,890,2023-12-06 14:34:44.079975,APPROVED
4e005066-480a-4ad4-a649-1563fe8be365,Declara__o_EVERESTE_assinado.pdf,application/pdf,/storage/bmv/living-carbon-certificate-order-documentation/2024/11/5/40/NUMBER_OF_PEOPLE/4e005066-480a-4ad4-a649-1563fe8be365.pdf,386829,,APPROVED,156,890,2024-11-05 10:50:46.595439,890,2024-11-05 10:51:35.128389,APPROVED
f4312717-c329-4866-9f63-8a2300ca0248,Declara__o_Ribeiro___Silveira_Adv.pdf,application/pdf,/storage/bmv/living-carbon-certificate-order-documentation/2024/8/14/35/WATER/f4312717-c329-4866-9f63-8a2300ca0248.pdf,276361,,APPROVED,130,890,2024-08-14 17:13:46.97154,890,2024-08-27 10:30:49.305953,APPROVED
2824fc2d-fe67-4876-87cb-8518120e87e2,Declara__o_Ribeiro___Silveira_Adv.pdf,application/pdf,/storage/bmv/living-carbon-certificate-order-documentation/2024/8/14/35/ELECTRICITY/2824fc2d-fe67-4876-87cb-8518120e87e2.pdf,276361,,APPROVED,131,890,2024-08-14 17:13:52.448773,890,2024-08-27 10:30:52.239444,APPROVED
b53fbb8e-4c53-4a1d-a14b-416b07e61b18,3_-_20022025_Declara94C2E29Cuo_Marcio_Vaz_Arquitetura_Ltda_assinado.pdf,application/pdf,/storage/bmv/living-carbon-certificate-order-documentation/2025/3/11/42/WASTE_PRODUCTION/b53fbb8e-4c53-4a1d-a14b-416b07e61b18.pdf,455550,,APPROVED,166,890,2025-03-11 11:46:23.498984,890,2025-03-11 11:47:07.382583,APPROVED
161c455a-7e72-43d4-9c52-c604226f6a6c,declaracao_assinada_PLK.pdf,application/pdf,/storage/bmv/living-carbon-certificate-order-documentation/2024/10/6/37/NUMBER_OF_PEOPLE/161c455a-7e72-43d4-9c52-c604226f6a6c.pdf,246986,,APPROVED,137,1512,2024-10-06 20:09:44.192767,890,2024-10-09 14:55:28.811185,APPROVED
a4ba602b-f2eb-4dd4-966a-b70ac13d5caa,declara__o_assinada_PLK.pdf,application/pdf,/storage/bmv/living-carbon-certificate-order-documentation/2024/10/9/37/DIESEL/a4ba602b-f2eb-4dd4-966a-b70ac13d5caa.pdf,242901,,APPROVED,141,890,2024-10-09 14:54:07.255885,890,2024-10-09 14:55:42.021225,APPROVED
2e03d03e-f4e3-4f3a-924e-a23123d101b5,DECLARA__O_M_DIA_CONSUMO_COMBUST_VEL.pdf,application/pdf,/storage/bmv/living-carbon-certificate-order-documentation/2025/5/14/48/DIESEL/2e03d03e-f4e3-4f3a-924e-a23123d101b5.pdf,125552,,APPROVED,199,890,2025-05-14 15:03:39.357587,890,2025-05-14 15:11:41.661658,APPROVED
d1ca05b6-f068-4bd6-b683-09d9726ad03b,3_-_20022025_Declara94C2E29Cuo_Marcio_Vaz_Arquitetura_Ltda_assinado.pdf,application/pdf,/storage/bmv/living-carbon-certificate-order-documentation/2025/3/11/42/TOTAL_AREA_OCCUPIED/d1ca05b6-f068-4bd6-b683-09d9726ad03b.pdf,455550,,APPROVED,163,890,2025-03-11 11:46:04.663221,890,2025-03-11 11:46:59.041773,APPROVED
0a641cc0-d3bf-4b5b-9be8-fb66b3d06686,PHOTO-2025-05-13-16-02-00.jpg,image/jpeg,/storage/bmv/living-carbon-certificate-order-documentation/2025/5/14/48/ELECTRICITY/0a641cc0-d3bf-4b5b-9be8-fb66b3d06686.jpg,107683,,APPROVED,197,890,2025-05-14 15:02:53.174296,890,2025-05-14 15:11:28.911634,APPROVED
5548ba79-0ee9-4056-87b0-30744d5f7588,Declara__o_de_Combustiveis_-_BEMGAIA__2_.pdf,application/pdf,/storage/bmv/living-carbon-certificate-order-documentation/2023/12/4/28/ETHANOL/5548ba79-0ee9-4056-87b0-30744d5f7588.pdf,276401,,APPROVED,107,1680,2023-12-04 13:01:38.729156,933,2023-12-05 09:35:45.440333,APPROVED
b40cb807-9972-44e7-8d09-baac64d70b99,Declara__o_Progen_-_Escritorio_Belo_Horizonte_MG_-_Consumo_energia_kwh_timbrado_Progen.pdf,application/pdf,/storage/bmv/living-carbon-certificate-order-documentation/2024/6/19/31/ELECTRICITY/b40cb807-9972-44e7-8d09-baac64d70b99.pdf,150928,,APPROVED,115,890,2024-06-19 15:12:00.685655,890,2024-06-20 09:00:17.617952,APPROVED
0109fed0-ef5d-43e3-985d-b5f104a2de15,Declara__o_Progen_-_Escritorio_Belo_Horizonte_MG_-_res_duos_timbrado_Progen.pdf,application/pdf,/storage/bmv/living-carbon-certificate-order-documentation/2024/6/19/31/WASTE_PRODUCTION/0109fed0-ef5d-43e3-985d-b5f104a2de15.pdf,148715,,APPROVED,116,890,2024-06-19 15:12:10.57962,890,2024-06-20 09:00:20.631258,APPROVED
89e2f53c-f308-411b-9382-1091ee369b97,Sa_o_Paulo__24_de_outubro_de_2023..pdf,application/pdf,/storage/bmv/living-carbon-certificate-order-documentation/2023/10/24/27/NUMBER_OF_PEOPLE/89e2f53c-f308-411b-9382-1091ee369b97.pdf,254279,,APPROVED,100,1680,2023-10-24 13:47:40.00807,933,2023-10-25 10:04:39.08943,APPROVED
3eb94835-861d-4a3d-b96d-c48b4e7e9220,Declara__o_de_Colaboradores.pdf,application/pdf,/storage/bmv/living-carbon-certificate-order-documentation/2023/12/4/28/NUMBER_OF_PEOPLE/3eb94835-861d-4a3d-b96d-c48b4e7e9220.pdf,280874,,APPROVED,102,1680,2023-12-04 13:00:48.84534,890,2023-12-06 14:33:24.957017,APPROVED
11b0547c-79a6-4a2b-aea3-e134fd1fa756,Consumo_de__gua.pdf,application/pdf,/storage/bmv/living-carbon-certificate-order-documentation/2023/11/28/28/WATER/11b0547c-79a6-4a2b-aea3-e134fd1fa756.pdf,508325,,APPROVED,103,1680,2023-11-28 16:47:53.704717,890,2023-12-06 14:33:33.845363,APPROVED
d2ea33a6-df81-4719-acf9-74887ed64675,Declara__o_Alban_Fian_as_e_Garantia_SA_assinado.pdf,application/pdf,/storage/bmv/living-carbon-certificate-order-documentation/2024/8/15/34/WATER/d2ea33a6-df81-4719-acf9-74887ed64675.pdf,792097,,APPROVED,125,890,2024-08-15 17:29:38.890845,890,2024-08-27 10:31:14.133789,APPROVED
de005fb2-bd57-4ee0-baba-13c82a64950b,Declara__o_Residuos_BEMGAIA.pdf,application/pdf,/storage/bmv/living-carbon-certificate-order-documentation/2023/12/4/28/WASTE_PRODUCTION/de005fb2-bd57-4ee0-baba-13c82a64950b.pdf,284386,,APPROVED,105,1680,2023-12-04 13:01:08.439272,890,2023-12-06 14:34:27.029577,APPROVED
115abb94-95ed-4bc1-b444-192698f0a3b4,Declara__o_de_Combustiveis_-_BEMGAIA__2_.pdf,application/pdf,/storage/bmv/living-carbon-certificate-order-documentation/2023/12/4/28/GASOLINE/115abb94-95ed-4bc1-b444-192698f0a3b4.pdf,276401,,APPROVED,106,1680,2023-12-04 13:01:24.627181,890,2023-12-06 14:35:11.004528,APPROVED
24f63a7a-1513-49fc-8f0f-c5ab139b5f0e,Declara__o_Alban_Fian_as_e_Garantia_SA_assinado.pdf,application/pdf,/storage/bmv/living-carbon-certificate-order-documentation/2024/8/15/34/WASTE_PRODUCTION/24f63a7a-1513-49fc-8f0f-c5ab139b5f0e.pdf,792097,,APPROVED,127,890,2024-08-15 17:31:15.782757,890,2024-08-27 10:31:16.623236,APPROVED
2cfe26f3-80b4-4a27-980b-b67d7995d31c,DECLARA__O_AGROSSOL.pdf,application/pdf,/storage/bmv/living-carbon-certificate-order-documentation/2024/10/15/39/TOTAL_AREA_OCCUPIED/2cfe26f3-80b4-4a27-980b-b67d7995d31c.pdf,1310416,,APPROVED,149,890,2024-10-15 11:01:46.28234,890,2024-10-28 13:56:14.556442,APPROVED
80681f12-a8eb-43d3-b104-d6ac604f9587,Declara__o_Progen_-_Escritorio_Belo_Horizonte_MG_-__rea_constru_da_timbrado_Progen.pdf,application/pdf,/storage/bmv/living-carbon-certificate-order-documentation/2024/6/19/31/TOTAL_AREA_OCCUPIED/80681f12-a8eb-43d3-b104-d6ac604f9587.pdf,148695,,APPROVED,113,890,2024-06-19 15:11:29.813632,890,2024-06-20 09:00:07.815386,APPROVED
c60c9ce5-ec35-4fb3-ad6c-8454b32bc410,DECLARA__O_AGROSSOL.pdf,application/pdf,/storage/bmv/living-carbon-certificate-order-documentation/2024/10/15/39/NUMBER_OF_PEOPLE/c60c9ce5-ec35-4fb3-ad6c-8454b32bc410.pdf,1310416,,APPROVED,150,890,2024-10-15 11:01:53.248801,890,2024-10-28 13:56:17.907314,APPROVED
9d44161a-a782-4e70-b560-d2d7859fd9f2,Declara__o_Progen_-_Escritorio_Belo_Horizonte_MG_-_Consumo__gua_timbrado_Progen.pdf,application/pdf,/storage/bmv/living-carbon-certificate-order-documentation/2024/6/19/31/WATER/9d44161a-a782-4e70-b560-d2d7859fd9f2.pdf,153759,,APPROVED,114,890,2024-06-19 15:11:48.984023,890,2024-06-20 09:00:10.909531,APPROVED
76bec3c5-3a35-4be9-9cac-c08aabd62b77,Declara__o_Alban_Fian_as_e_Garantia_SA_assinado.pdf,application/pdf,/storage/bmv/living-carbon-certificate-order-documentation/2024/8/15/34/TOTAL_AREA_OCCUPIED/76bec3c5-3a35-4be9-9cac-c08aabd62b77.pdf,792097,,APPROVED,123,890,2024-08-15 17:29:13.116844,890,2024-08-27 10:31:05.714124,APPROVED
b6a1400c-f311-4fe6-a5df-0cba53e8730e,Declara__o_Alban_Fian_as_e_Garantia_SA_assinado.pdf,application/pdf,/storage/bmv/living-carbon-certificate-order-documentation/2024/8/15/34/NUMBER_OF_PEOPLE/b6a1400c-f311-4fe6-a5df-0cba53e8730e.pdf,792097,,APPROVED,124,890,2024-08-15 17:29:28.061608,890,2024-08-27 10:31:08.608221,APPROVED
b5811d31-5c07-4020-94a4-f0196ea2d106,declaracao_assinada_PLK.pdf,application/pdf,/storage/bmv/living-carbon-certificate-order-documentation/2024/10/6/37/WATER/b5811d31-5c07-4020-94a4-f0196ea2d106.pdf,246986,,APPROVED,138,1512,2024-10-06 20:09:59.304902,890,2024-10-09 14:55:32.218108,APPROVED
9ceb629d-79fd-4f05-9277-e41f67abfaee,Declara__o_Alban_Fian_as_e_Garantia_SA_assinado.pdf,application/pdf,/storage/bmv/living-carbon-certificate-order-documentation/2024/8/15/34/ELECTRICITY/9ceb629d-79fd-4f05-9277-e41f67abfaee.pdf,792097,,APPROVED,126,890,2024-08-15 17:29:45.749219,890,2024-08-27 10:31:11.438652,APPROVED
bb7bd24b-cfc5-42e6-bf60-f5a77655d846,DECLARA__O_AGROSSOL.pdf,application/pdf,/storage/bmv/living-carbon-certificate-order-documentation/2024/10/15/39/WATER/bb7bd24b-cfc5-42e6-bf60-f5a77655d846.pdf,1310416,,APPROVED,151,890,2024-10-15 11:01:59.1725,890,2024-10-28 13:56:24.491129,APPROVED
eb6cdd70-e119-420a-a3b3-a69df2a8031c,declaracao_assinada_PLK.pdf,application/pdf,/storage/bmv/living-carbon-certificate-order-documentation/2024/10/6/37/ELECTRICITY/eb6cdd70-e119-420a-a3b3-a69df2a8031c.pdf,246986,,APPROVED,139,1512,2024-10-06 20:10:08.65438,890,2024-10-09 14:55:34.785845,APPROVED
7b20c89a-17a1-4512-8b33-52ee5c0ef157,DECLARA__O_AGROSSOL.pdf,application/pdf,/storage/bmv/living-carbon-certificate-order-documentation/2024/10/15/39/ELECTRICITY/7b20c89a-17a1-4512-8b33-52ee5c0ef157.pdf,1310416,,APPROVED,152,890,2024-10-15 11:02:05.728665,890,2024-10-28 13:56:27.232502,APPROVED
f9747069-0c6a-4474-ba1c-e1f12ab3f413,Declara__o_EVERESTE_assinado.pdf,application/pdf,/storage/bmv/living-carbon-certificate-order-documentation/2024/11/5/40/ELECTRICITY/f9747069-0c6a-4474-ba1c-e1f12ab3f413.pdf,386829,,APPROVED,157,890,2024-11-05 10:51:00.359854,890,2024-11-05 10:51:37.999329,APPROVED
04dd8ba6-ca53-4beb-a9ec-a129310a4949,3_-_20022025_Declara94C2E29Cuo_Marcio_Vaz_Arquitetura_Ltda_assinado.pdf,application/pdf,/storage/bmv/living-carbon-certificate-order-documentation/2025/3/11/42/NUMBER_OF_PEOPLE/04dd8ba6-ca53-4beb-a9ec-a129310a4949.pdf,455550,,APPROVED,164,890,2025-03-11 11:46:10.936842,890,2025-03-11 11:47:01.592776,APPROVED
ffba48cd-d0e2-455b-9df5-6e56d2f949fe,FGTS.pdf,application/pdf,/storage/bmv/living-carbon-certificate-order-documentation/2024/7/18/33/NUMBER_OF_PEOPLE/ffba48cd-d0e2-455b-9df5-6e56d2f949fe.pdf,612365,,APPROVED,121,890,2024-07-18 10:23:39.892046,890,2024-07-18 10:25:32.50696,APPROVED
a491be7c-5356-49e5-b1ae-0073c619ab61,Gmail_-_Fwd__Certifica__o_BMV_-_Viagens.pdf,application/pdf,/storage/bmv/living-carbon-certificate-order-documentation/2024/1/12/29/NUMBER_OF_PEOPLE/a491be7c-5356-49e5-b1ae-0073c619ab61.pdf,378483,,APPROVED,108,890,2024-01-12 11:08:33.363989,890,2024-01-12 11:25:52.617927,APPROVED
af7a1061-ecea-4ee4-9fd2-d342dcc94589,FGTS_2.pdf,application/pdf,/storage/bmv/living-carbon-certificate-order-documentation/2024/7/18/33/NUMBER_OF_PEOPLE/af7a1061-ecea-4ee4-9fd2-d342dcc94589.pdf,74903,,APPROVED,121,890,2024-07-18 10:23:39.896663,890,2024-07-18 10:25:34.942348,APPROVED
0a381e80-4b1d-4be0-bf08-1842a8d7418b,Calculo_impactos.xlsx,application/vnd.openxmlformats-officedocument.spreadsheetml.sheet,/storage/bmv/living-carbon-certificate-order-documentation/2024/7/18/33/ELECTRICITY/0a381e80-4b1d-4be0-bf08-1842a8d7418b.xlsx,424538,,APPROVED,122,890,2024-07-18 10:24:42.531762,890,2024-07-18 10:25:37.480198,APPROVED
6ef2d3da-f11b-4988-b7a8-9dfbd72c8381,Declara__o_Progen_-_Escritorio_SP_-__rea_constru_da_timbrado_Progen.pdf,application/pdf,/storage/bmv/living-carbon-certificate-order-documentation/2024/6/19/30/TOTAL_AREA_OCCUPIED/6ef2d3da-f11b-4988-b7a8-9dfbd72c8381.pdf,148824,,APPROVED,109,890,2024-06-19 15:05:40.002912,890,2024-06-20 09:00:33.973494,APPROVED
1b6badd7-6b72-4fe0-9071-17650331348d,declaracao_assinada_PLK.pdf,application/pdf,/storage/bmv/living-carbon-certificate-order-documentation/2024/10/6/37/TOTAL_AREA_OCCUPIED/1b6badd7-6b72-4fe0-9071-17650331348d.pdf,246986,,APPROVED,136,1512,2024-10-06 20:09:33.008556,890,2024-10-09 14:55:26.131647,APPROVED
d9c5c38c-251a-4b49-93a8-f9994395c995,Espelho_cadastral_do_im_vel_-_Geoportal_Cascavel.pdf,application/pdf,/storage/bmv/living-carbon-certificate-order-documentation/2023/12/4/28/TOTAL_AREA_OCCUPIED/d9c5c38c-251a-4b49-93a8-f9994395c995.pdf,603842,,APPROVED,101,1680,2023-12-04 13:07:59.548348,890,2023-12-06 14:33:19.581695,APPROVED
d5598d90-9d3d-4eeb-885d-bad82d079e7d,Consumo_de_energia_el_trica.pdf,application/pdf,/storage/bmv/living-carbon-certificate-order-documentation/2023/11/28/28/ELECTRICITY/d5598d90-9d3d-4eeb-885d-bad82d079e7d.pdf,7590070,,APPROVED,104,1680,2023-11-28 16:48:09.4585,890,2023-12-06 14:38:59.797265,APPROVED
d340a678-3e9e-4be5-b9bf-23ce4ffda5c6,Consumo_de_energia_el_trica.pdf,application/pdf,/storage/bmv/living-carbon-certificate-order-documentation/2023/12/4/28/ELECTRICITY/d340a678-3e9e-4be5-b9bf-23ce4ffda5c6.pdf,7590070,,APPROVED,104,1680,2023-12-04 13:08:20.485277,890,2023-12-06 14:39:03.901147,APPROVED
76dacdcb-9cf3-45b8-8f70-2c0e0e9110e0,declaracao_assinada_PLK.pdf,application/pdf,/storage/bmv/living-carbon-certificate-order-documentation/2024/10/6/37/GASOLINE/76dacdcb-9cf3-45b8-8f70-2c0e0e9110e0.pdf,246986,,APPROVED,140,1512,2024-10-06 20:10:21.481142,890,2024-10-09 14:55:38.552811,APPROVED
0a4f0da8-e847-4ffc-a84c-909b3b8d2160,STAR055_agua.pdf,application/pdf,/storage/bmv/living-carbon-certificate-order-documentation/2023/2/15/4/WATER/0a4f0da8-e847-4ffc-a84c-909b3b8d2160.pdf,315537,,APPROVED,18,1379,2023-02-15 13:43:57.418975,1411,2023-02-24 08:44:33.754875,APPROVED
6242a69a-ec01-4ecc-9129-f07a1b90fa81,STAR055_Energia.pdf,application/pdf,/storage/bmv/living-carbon-certificate-order-documentation/2023/2/15/4/ELECTRICITY/6242a69a-ec01-4ecc-9129-f07a1b90fa81.pdf,317071,,APPROVED,19,1379,2023-02-15 13:44:11.659826,1411,2023-02-24 08:44:38.353927,APPROVED
0cf9f322-54e3-4af4-8866-6d0c4b06cf02,STAR055_Lixo.pdf,application/pdf,/storage/bmv/living-carbon-certificate-order-documentation/2023/2/15/4/WASTE_PRODUCTION/0cf9f322-54e3-4af4-8866-6d0c4b06cf02.pdf,323434,,APPROVED,20,1379,2023-02-15 13:44:23.547591,1411,2023-02-24 08:44:42.203,APPROVED
b8043c6e-cc42-4a7c-91d7-0b3b12751702,Contrato_de_Locacao_Shopping_ABC_Starbucks_251111.pdf,application/pdf,/storage/bmv/living-carbon-certificate-order-documentation/2023/2/15/3/TOTAL_AREA_OCCUPIED/b8043c6e-cc42-4a7c-91d7-0b3b12751702.pdf,4189388,,APPROVED,11,1379,2023-02-15 14:06:32.988494,1411,2023-02-24 08:46:07.303809,APPROVED
a0e951c2-c596-49cd-8e06-1a430e8bc6eb,DECLARA__O_AGROSSOL.pdf,application/pdf,/storage/bmv/living-carbon-certificate-order-documentation/2024/10/15/39/WASTE_PRODUCTION/a0e951c2-c596-49cd-8e06-1a430e8bc6eb.pdf,1310416,,APPROVED,153,890,2024-10-15 11:02:14.916472,890,2024-10-28 13:56:34.740871,APPROVED
68374e81-edbc-4fff-b86e-94afe72fc956,DECLARA__O_AGROSSOL.pdf,application/pdf,/storage/bmv/living-carbon-certificate-order-documentation/2024/10/15/39/GASOLINE/68374e81-edbc-4fff-b86e-94afe72fc956.pdf,1310416,,APPROVED,154,890,2024-10-15 11:02:21.747146,890,2024-10-28 13:56:37.560412,APPROVED
98720887-41aa-4dec-b4a2-2279cc65a870,IPTU_2024.pdf,application/pdf,/storage/bmv/living-carbon-certificate-order-documentation/2024/7/18/33/TOTAL_AREA_OCCUPIED/98720887-41aa-4dec-b4a2-2279cc65a870.pdf,2939974,,APPROVED,120,890,2024-07-18 10:22:42.491098,890,2024-07-18 10:25:27.38431,APPROVED
2eb3a127-3c04-40ab-bdbc-43408e1a2c95,Assinada_Declara_ao.pdf,application/pdf,/storage/bmv/living-carbon-certificate-order-documentation/2025/1/7/41/TOTAL_AREA_OCCUPIED/2eb3a127-3c04-40ab-bdbc-43408e1a2c95.pdf,211524,,APPROVED,158,890,2025-01-07 17:40:24.19412,890,2025-01-07 17:46:06.023449,APPROVED
4938c8be-86f5-4b99-81fd-2e4b8293b52e,Assinada_Declara_ao.pdf,application/pdf,/storage/bmv/living-carbon-certificate-order-documentation/2025/1/7/41/WATER/4938c8be-86f5-4b99-81fd-2e4b8293b52e.pdf,211524,,APPROVED,160,890,2025-01-07 17:40:38.19105,890,2025-01-07 17:46:13.128007,APPROVED
b9494758-74a4-4bd2-91ef-c30724a49c6f,Assinada_Declara_ao.pdf,application/pdf,/storage/bmv/living-carbon-certificate-order-documentation/2025/1/7/41/NUMBER_OF_PEOPLE/b9494758-74a4-4bd2-91ef-c30724a49c6f.pdf,211524,,APPROVED,159,890,2025-01-07 17:40:32.365139,890,2025-01-07 17:46:09.241211,APPROVED
4a0c880c-7134-40d4-b374-4bd7b6caa681,Assinada_Declara_ao.pdf,application/pdf,/storage/bmv/living-carbon-certificate-order-documentation/2025/1/7/41/ELECTRICITY/4a0c880c-7134-40d4-b374-4bd7b6caa681.pdf,211524,,APPROVED,161,890,2025-01-07 17:40:43.725516,890,2025-01-07 17:46:15.959629,APPROVED
0e5a4fb1-3c89-4a3d-9251-aaeb6e38cc0b,DECLARA__O_M_DIA_CONSUMO_COMBUST_VEL.pdf,application/pdf,/storage/bmv/living-carbon-certificate-order-documentation/2025/5/14/48/GASOLINE/0e5a4fb1-3c89-4a3d-9251-aaeb6e38cc0b.pdf,125552,,APPROVED,198,890,2025-05-14 15:03:28.429901,890,2025-05-14 15:11:38.191627,APPROVED
b12d5258-5eab-4def-960f-9492b154651f,Assinada_Declara_ao.pdf,application/pdf,/storage/bmv/living-carbon-certificate-order-documentation/2025/1/7/41/GASOLINE/b12d5258-5eab-4def-960f-9492b154651f.pdf,211524,,APPROVED,162,890,2025-01-07 17:40:50.375191,890,2025-01-07 17:46:19.464957,APPROVED
c1d57ab5-a787-41a0-9e28-fb8fbe13a2db,WhatsApp_Image_2025-05-13_at_13.57.57.jpeg,image/jpeg,/storage/bmv/living-carbon-certificate-order-documentation/2025/5/14/48/ELECTRICITY/c1d57ab5-a787-41a0-9e28-fb8fbe13a2db.jpeg,133454,,APPROVED,197,890,2025-05-14 15:02:53.168327,890,2025-05-14 15:11:32.17334,APPROVED
e57a5565-8abd-4e6a-83e6-bbc5c4ad4def,STAR080_Colaboradores___Metragem.pdf,application/pdf,/storage/bmv/living-carbon-certificate-order-documentation/2023/2/15/5/NUMBER_OF_PEOPLE/e57a5565-8abd-4e6a-83e6-bbc5c4ad4def.pdf,331254,,APPROVED,22,1379,2023-02-15 14:08:30.295729,1411,2023-02-22 14:17:46.597693,APPROVED
9e30ec1c-91be-41f7-9741-4747285b3cc1,STAR050_Colaboradores___Metragem.pdf,application/pdf,/storage/bmv/living-carbon-certificate-order-documentation/2023/2/15/3/NUMBER_OF_PEOPLE/9e30ec1c-91be-41f7-9741-4747285b3cc1.pdf,316482,,APPROVED,12,1379,2023-02-15 14:06:47.854561,1411,2023-02-24 08:46:11.66988,APPROVED
4e0e596d-1de7-4bdb-8b3c-42c669470dd0,STAR010_Colaboradores___Metragem.pdf,application/pdf,/storage/bmv/living-carbon-certificate-order-documentation/2023/2/15/1/NUMBER_OF_PEOPLE/4e0e596d-1de7-4bdb-8b3c-42c669470dd0.pdf,316290,,APPROVED,2,1379,2023-02-15 13:59:34.181877,1411,2023-02-24 08:48:12.45314,APPROVED
febb9215-3864-4761-8d93-9ed21204027c,STAR010_agua.pdf,application/pdf,/storage/bmv/living-carbon-certificate-order-documentation/2023/2/15/1/WATER/febb9215-3864-4761-8d93-9ed21204027c.pdf,314168,,APPROVED,3,1379,2023-02-15 13:59:50.708686,1411,2023-02-24 08:48:16.502894,APPROVED
72d96b73-a703-4542-9e47-f6b3ffcc8894,STAR010_Energia.pdf,application/pdf,/storage/bmv/living-carbon-certificate-order-documentation/2023/2/15/1/ELECTRICITY/72d96b73-a703-4542-9e47-f6b3ffcc8894.pdf,316385,,APPROVED,4,1379,2023-02-15 14:00:00.38686,1411,2023-02-24 08:48:19.777015,APPROVED
6217dcbd-9ca4-4741-a170-26976b256fa5,STAR010_Lixo.pdf,application/pdf,/storage/bmv/living-carbon-certificate-order-documentation/2023/2/15/1/WASTE_PRODUCTION/6217dcbd-9ca4-4741-a170-26976b256fa5.pdf,317492,,APPROVED,5,1379,2023-02-15 14:00:09.903333,1411,2023-02-24 08:48:23.248586,APPROVED
120ee80e-d40c-4696-8a11-b56504b1f184,STAR050_agua.pdf,application/pdf,/storage/bmv/living-carbon-certificate-order-documentation/2023/2/15/3/WATER/120ee80e-d40c-4696-8a11-b56504b1f184.pdf,314286,,APPROVED,13,1379,2023-02-15 14:07:02.494943,1411,2023-02-24 08:46:14.97575,APPROVED
b1189b20-4dd1-4616-bb90-229f6054a4e8,STAR050_Energia.pdf,application/pdf,/storage/bmv/living-carbon-certificate-order-documentation/2023/2/15/3/ELECTRICITY/b1189b20-4dd1-4616-bb90-229f6054a4e8.pdf,320885,,APPROVED,14,1379,2023-02-15 14:07:12.610395,1411,2023-02-24 08:46:18.848637,APPROVED
c5370387-fb74-44df-835c-fddc368eb203,STAR050_Lixo.pdf,application/pdf,/storage/bmv/living-carbon-certificate-order-documentation/2023/2/16/3/WASTE_PRODUCTION/c5370387-fb74-44df-835c-fddc368eb203.pdf,315744,,APPROVED,15,1379,2023-02-15 14:07:22.059957,1411,2023-02-24 08:46:21.963066,APPROVED
35803585-20af-41d0-9f20-e05dffa04ec3,STAR156_Colaboradores___Metragem.pdf,application/pdf,/storage/bmv/living-carbon-certificate-order-documentation/2023/2/15/8/NUMBER_OF_PEOPLE/35803585-20af-41d0-9f20-e05dffa04ec3.pdf,327350,,APPROVED,37,1379,2023-02-15 14:12:04.944152,1411,2023-02-17 08:55:36.753154,APPROVED
31e23e4b-c08c-4414-a21a-e724981b11a8,STAR055_Colaboradores___Metragem.pdf,application/pdf,/storage/bmv/living-carbon-certificate-order-documentation/2023/2/15/4/NUMBER_OF_PEOPLE/31e23e4b-c08c-4414-a21a-e724981b11a8.pdf,315696,,APPROVED,17,1379,2023-02-15 13:43:43.729856,1411,2023-02-24 08:44:28.560344,APPROVED
8bca066c-dc80-49fb-9c72-4d5987195672,STAR080_agua.pdf,application/pdf,/storage/bmv/living-carbon-certificate-order-documentation/2023/2/15/5/WATER/8bca066c-dc80-49fb-9c72-4d5987195672.pdf,327745,,APPROVED,23,1379,2023-02-15 14:08:42.614886,1411,2023-02-22 14:17:49.959859,APPROVED
fc9c598f-9056-47e7-8036-e91a2243a405,STAR080_Energia.pdf,application/pdf,/storage/bmv/living-carbon-certificate-order-documentation/2023/2/15/5/ELECTRICITY/fc9c598f-9056-47e7-8036-e91a2243a405.pdf,330780,,APPROVED,24,1379,2023-02-15 14:08:52.496517,1411,2023-02-22 14:17:54.161424,APPROVED
ee735cf2-a873-4ee0-a9ec-688feb3bd6a0,STAR080_Lixo.pdf,application/pdf,/storage/bmv/living-carbon-certificate-order-documentation/2023/2/15/5/WASTE_PRODUCTION/ee735cf2-a873-4ee0-a9ec-688feb3bd6a0.pdf,326279,,APPROVED,25,1379,2023-02-15 14:09:05.868097,1411,2023-02-22 14:17:57.633348,APPROVED
b98c3c19-b189-420b-91a2-bf05dcee378c,Contrato_de_Locacao_Boulevard_Tatuape_Starbucks_30032012.pdf,application/pdf,/storage/bmv/living-carbon-certificate-order-documentation/2023/2/15/4/TOTAL_AREA_OCCUPIED/b98c3c19-b189-420b-91a2-bf05dcee378c.pdf,3920946,,APPROVED,16,1379,2023-02-15 13:43:26.947859,1411,2023-02-24 08:44:24.753872,APPROVED
01229fcf-6f03-47db-8c11-c4c61c0d6dc3,STAR126_agua.pdf,application/pdf,/storage/bmv/living-carbon-certificate-order-documentation/2023/2/15/7/WATER/01229fcf-6f03-47db-8c11-c4c61c0d6dc3.pdf,316976,,APPROVED,33,1379,2023-02-15 14:10:53.261312,1411,2023-02-17 09:50:19.03983,APPROVED
42b41da5-ed91-497e-ad12-7af8c7a5c3af,STAR156_agua.pdf,application/pdf,/storage/bmv/living-carbon-certificate-order-documentation/2023/2/15/8/WATER/42b41da5-ed91-497e-ad12-7af8c7a5c3af.pdf,326584,,APPROVED,38,1379,2023-02-15 14:12:14.085618,1411,2023-02-17 08:55:41.139458,APPROVED
8a035d8f-f4f8-4dfe-a8e5-50c23d815895,STAR126_Lixo.pdf,application/pdf,/storage/bmv/living-carbon-certificate-order-documentation/2023/2/15/7/WASTE_PRODUCTION/8a035d8f-f4f8-4dfe-a8e5-50c23d815895.pdf,318265,,APPROVED,35,1379,2023-02-15 14:11:13.012859,1411,2023-02-17 09:56:32.505441,APPROVED
3de196ee-8938-40d4-8e6a-d8fad94366ca,STAR080_3_Aditivo_Centervale_31.10.18.pdf,application/pdf,/storage/bmv/living-carbon-certificate-order-documentation/2023/2/15/5/TOTAL_AREA_OCCUPIED/3de196ee-8938-40d4-8e6a-d8fad94366ca.pdf,2116323,,APPROVED,21,1379,2023-02-15 14:08:20.586766,1411,2023-02-22 14:17:42.801272,APPROVED
348bb986-9612-464f-9103-ac8a1aeae53a,STAR126_Energia.pdf,application/pdf,/storage/bmv/living-carbon-certificate-order-documentation/2023/2/15/7/ELECTRICITY/348bb986-9612-464f-9103-ac8a1aeae53a.pdf,322359,,APPROVED,34,1379,2023-02-15 14:11:03.542956,1411,2023-02-17 13:40:32.710699,APPROVED
6982741d-d8d7-40a9-91ac-d24424bb93e7,STAR126_Colaboradores___Metragem.pdf,application/pdf,/storage/bmv/living-carbon-certificate-order-documentation/2023/2/15/7/NUMBER_OF_PEOPLE/6982741d-d8d7-40a9-91ac-d24424bb93e7.pdf,320076,,APPROVED,32,1379,2023-02-15 14:10:33.912221,1411,2023-02-17 09:34:08.375864,APPROVED
78952363-64a4-4bac-b22d-9b01715f2afa,STAR_010_Starbucks_1_Aditamento_ao_Contrato_de_Locacao_Bourbon.pdf,application/pdf,/storage/bmv/living-carbon-certificate-order-documentation/2023/2/15/1/TOTAL_AREA_OCCUPIED/78952363-64a4-4bac-b22d-9b01715f2afa.pdf,1616489,,APPROVED,1,1379,2023-02-15 13:58:47.187158,1411,2023-02-24 08:48:06.327279,APPROVED
abb84d1a-459e-4a8a-96a7-fe3b0819eef6,FaturaMar.pdf,application/pdf,/storage/bmv/living-carbon-certificate-order-documentation/2023/4/18/11/WATER/abb84d1a-459e-4a8a-96a7-fe3b0819eef6.pdf,97146,,APPROVED,52,1545,2023-04-18 15:49:11.184233,1410,2023-04-25 09:26:49.934989,APPROVED
edf7703e-2485-44ea-9fb7-89bc914c0538,Fwd__Selo_BMV_rancho_da_Montanha_Bruno_Gagliasso.pdf,application/pdf,/storage/bmv/living-carbon-certificate-order-documentation/2023/5/4/12/NUMBER_OF_PEOPLE/edf7703e-2485-44ea-9fb7-89bc914c0538.pdf,153902,,APPROVED,57,1410,2023-05-04 10:42:52.682864,1410,2023-05-04 10:44:13.374397,APPROVED
438c55a2-96bf-4224-8293-8a332812d600,Termo_de_Acordo_Center_Norte_Taxa_Transferencia_STAR_156_140318.pdf,application/pdf,/storage/bmv/living-carbon-certificate-order-documentation/2023/2/15/8/TOTAL_AREA_OCCUPIED/438c55a2-96bf-4224-8293-8a332812d600.pdf,207964,,APPROVED,36,1379,2023-02-15 14:18:07.864678,1411,2023-02-17 08:55:32.501173,APPROVED
c660206f-89c6-4cf6-b663-dd6f1f0f9b82,STAR156_Energia.pdf,application/pdf,/storage/bmv/living-carbon-certificate-order-documentation/2023/2/15/8/ELECTRICITY/c660206f-89c6-4cf6-b663-dd6f1f0f9b82.pdf,329517,,APPROVED,39,1379,2023-02-15 14:12:26.56271,1411,2023-02-17 08:55:45.356881,APPROVED
fc0f574c-1ad9-4c6a-8523-792283012b91,STAR156_Lixo.pdf,application/pdf,/storage/bmv/living-carbon-certificate-order-documentation/2023/2/15/8/WASTE_PRODUCTION/fc0f574c-1ad9-4c6a-8523-792283012b91.pdf,330191,,APPROVED,40,1379,2023-02-15 14:12:36.190144,1411,2023-02-17 08:55:49.244766,APPROVED
96aadcd1-4f47-4bf0-8c0b-09ea90aafbce,Termo_de_Compromisso_e_Responsabilidade_Shopping_Itaquera_Starbucks_03112014.pdf,application/pdf,/storage/bmv/living-carbon-certificate-order-documentation/2023/2/15/7/TOTAL_AREA_OCCUPIED/96aadcd1-4f47-4bf0-8c0b-09ea90aafbce.pdf,2426876,,APPROVED,31,1379,2023-02-15 14:10:22.434888,1411,2023-02-17 09:34:04.094597,APPROVED
9bfb9b3d-045c-4713-bb9d-f0d78ce02b5a,Luz1.pdf,application/pdf,/storage/bmv/living-carbon-certificate-order-documentation/2023/4/18/11/ELECTRICITY/9bfb9b3d-045c-4713-bb9d-f0d78ce02b5a.pdf,631821,,APPROVED,53,1545,2023-04-18 15:49:21.672808,1410,2023-04-25 09:32:40.212067,APPROVED
7c77f888-bd28-4e1e-85ae-ec7abaff39bc,Luz2.pdf,application/pdf,/storage/bmv/living-carbon-certificate-order-documentation/2023/4/18/11/ELECTRICITY/7c77f888-bd28-4e1e-85ae-ec7abaff39bc.pdf,626543,,APPROVED,53,1545,2023-04-18 15:49:29.977874,1410,2023-04-25 09:32:43.427552,APPROVED
fb4f2ccc-39b0-44cd-b928-c2300ed603b7,Luz3.pdf,application/pdf,/storage/bmv/living-carbon-certificate-order-documentation/2023/4/18/11/ELECTRICITY/fb4f2ccc-39b0-44cd-b928-c2300ed603b7.pdf,2309948,,APPROVED,53,1545,2023-04-18 15:49:38.331693,1410,2023-04-25 09:32:46.665726,APPROVED
a32bd037-b65c-45c8-9e4c-8b9fe7e9b230,Fwd__Selo_BMV_rancho_da_Montanha_Bruno_Gagliasso.pdf,application/pdf,/storage/bmv/living-carbon-certificate-order-documentation/2023/5/4/12/TOTAL_AREA_OCCUPIED/a32bd037-b65c-45c8-9e4c-8b9fe7e9b230.pdf,153902,,APPROVED,56,933,2023-05-04 10:43:59.49358,1410,2023-05-04 10:44:25.012699,APPROVED
e96153dc-748c-450a-9f85-ca8dcea2e051,Fwd__Selo_BMV_rancho_da_Montanha_Bruno_Gagliasso.pdf,application/pdf,/storage/bmv/living-carbon-certificate-order-documentation/2023/5/4/12/WATER/e96153dc-748c-450a-9f85-ca8dcea2e051.pdf,153902,,APPROVED,58,1410,2023-05-04 10:43:17.676927,1410,2023-05-04 10:44:01.102818,APPROVED
316f56b4-f785-4902-9688-e49bbf02c495,Declaracao_funcionarios.pdf,application/pdf,/storage/bmv/living-carbon-certificate-order-documentation/2023/5/5/11/NUMBER_OF_PEOPLE/316f56b4-f785-4902-9688-e49bbf02c495.pdf,58494,,APPROVED,51,1547,2023-05-05 10:29:30.753624,1410,2023-05-05 12:32:21.679973,APPROVED
36d523b4-c525-45f6-a05a-af56e78d35ef,Colaboradores_e_Metragem.pdf,application/pdf,/storage/bmv/living-carbon-certificate-order-documentation/2023/4/19/10/TOTAL_AREA_OCCUPIED/36d523b4-c525-45f6-a05a-af56e78d35ef.pdf,429140,,APPROVED,46,1410,2023-04-19 10:21:38.867301,1410,2023-04-19 10:23:56.00172,APPROVED
5062162d-5a9a-4f92-b581-1ae30c75667d,Colaboradores_e_Metragem.pdf,application/pdf,/storage/bmv/living-carbon-certificate-order-documentation/2023/4/19/10/NUMBER_OF_PEOPLE/5062162d-5a9a-4f92-b581-1ae30c75667d.pdf,429140,,APPROVED,47,1410,2023-04-19 10:22:14.548084,1410,2023-04-19 10:23:59.904651,APPROVED
bbfc74a4-d4a0-4332-b925-a33aca3743c9,Agua.pdf,application/pdf,/storage/bmv/living-carbon-certificate-order-documentation/2023/4/19/10/WATER/bbfc74a4-d4a0-4332-b925-a33aca3743c9.pdf,421620,,APPROVED,48,1410,2023-04-19 10:22:44.818981,1410,2023-04-19 10:24:03.432714,APPROVED
28fb9945-fd55-4c89-9038-92786b43a357,Energia.pdf,application/pdf,/storage/bmv/living-carbon-certificate-order-documentation/2023/4/19/10/ELECTRICITY/28fb9945-fd55-4c89-9038-92786b43a357.pdf,425844,,APPROVED,49,1410,2023-04-19 10:23:05.737003,1410,2023-04-19 10:24:07.403367,APPROVED
402cf079-4980-4c9f-a651-65544643ec10,Agriness.pdf,application/pdf,/storage/bmv/living-carbon-certificate-order-documentation/2023/5/17/13/TOTAL_AREA_OCCUPIED/402cf079-4980-4c9f-a651-65544643ec10.pdf,265699,,APPROVED,60,1512,2023-05-17 16:50:12.794283,1410,2023-05-17 17:59:36.956718,APPROVED
253fd8f4-8980-4d2e-803d-d096291ad8a4,IPTU_da_ECO_ASFALTO.pdf,application/pdf,/storage/bmv/living-carbon-certificate-order-documentation/2023/5/2/11/TOTAL_AREA_OCCUPIED/253fd8f4-8980-4d2e-803d-d096291ad8a4.pdf,51341,,APPROVED,50,1547,2023-05-02 14:34:17.621476,1410,2023-05-05 10:27:57.232776,APPROVED
a6860ae2-9a0a-4371-8b1a-ac5a3d55dbbf,FaturaFev.pdf,application/pdf,/storage/bmv/living-carbon-certificate-order-documentation/2023/4/18/11/WATER/a6860ae2-9a0a-4371-8b1a-ac5a3d55dbbf.pdf,98534,,APPROVED,52,1545,2023-04-18 15:48:51.910433,1410,2023-04-25 09:26:40.618177,APPROVED
6878d31f-aca1-41af-9304-d745455f96e0,FaturaJan.pdf,application/pdf,/storage/bmv/living-carbon-certificate-order-documentation/2023/4/18/11/WATER/6878d31f-aca1-41af-9304-d745455f96e0.pdf,97250,,APPROVED,52,1545,2023-04-18 15:49:03.585837,1410,2023-04-25 09:26:46.091663,APPROVED
012657a2-d02c-49c6-a917-ef740e9b455f,Fwd__Selo_BMV_rancho_da_Montanha_Bruno_Gagliasso.pdf,application/pdf,/storage/bmv/living-carbon-certificate-order-documentation/2023/5/4/12/ELECTRICITY/012657a2-d02c-49c6-a917-ef740e9b455f.pdf,153902,,APPROVED,59,1410,2023-05-04 10:43:05.890636,1410,2023-05-04 10:44:06.837229,APPROVED
0aece84a-0991-42bc-95b0-cd79a2887fb1,Declaracao_Gasolina.pdf,application/pdf,/storage/bmv/living-carbon-certificate-order-documentation/2023/5/5/11/GASOLINE/0aece84a-0991-42bc-95b0-cd79a2887fb1.pdf,64012,,APPROVED,54,1547,2023-05-05 10:30:52.872555,1410,2023-05-05 12:32:37.653336,APPROVED
aaf5fdb1-eacd-46f4-8a88-4ab60ba24030,Diesel.pdf,application/pdf,/storage/bmv/living-carbon-certificate-order-documentation/2023/5/8/11/DIESEL/aaf5fdb1-eacd-46f4-8a88-4ab60ba24030.pdf,170842,,APPROVED,55,1547,2023-05-08 14:03:15.461584,1410,2023-05-08 16:48:58.826696,APPROVED
b4adc301-d737-4a68-9046-8044a73ac028,Agriness.pdf,application/pdf,/storage/bmv/living-carbon-certificate-order-documentation/2023/5/17/13/NUMBER_OF_PEOPLE/b4adc301-d737-4a68-9046-8044a73ac028.pdf,265699,,APPROVED,61,1512,2023-05-17 16:50:28.55052,1410,2023-05-17 17:59:28.884366,APPROVED
4eaccc63-67a6-4b21-8db6-1624cd6a790b,Documentos_Futuri_-_declaracao.pdf,application/pdf,/storage/bmv/living-carbon-certificate-order-documentation/2023/5/26/16/TOTAL_AREA_OCCUPIED/4eaccc63-67a6-4b21-8db6-1624cd6a790b.pdf,460058,,APPROVED,66,1616,2023-05-26 15:06:26.544015,1410,2023-05-26 15:08:35.343243,APPROVED
9f437e54-bd3f-409f-8012-9d793a94d213,Documentos_Futuri_-_declaracao.pdf,application/pdf,/storage/bmv/living-carbon-certificate-order-documentation/2023/5/26/16/NUMBER_OF_PEOPLE/9f437e54-bd3f-409f-8012-9d793a94d213.pdf,460058,,APPROVED,67,1616,2023-05-26 15:06:42.767537,1410,2023-05-26 15:08:26.960246,APPROVED
825cc0d9-42be-414b-92a9-320dfda8745f,Documentos_Futuri_-_declaracao.pdf,application/pdf,/storage/bmv/living-carbon-certificate-order-documentation/2023/5/26/17/NUMBER_OF_PEOPLE/825cc0d9-42be-414b-92a9-320dfda8745f.pdf,460058,,APPROVED,69,1410,2023-05-26 17:08:49.852576,1410,2023-05-26 17:09:08.73515,APPROVED
60e5078b-d98b-4c6c-9be7-d435dd0df8bb,Documentos_Futuri_-_declaracao.pdf,application/pdf,/storage/bmv/living-carbon-certificate-order-documentation/2023/5/26/17/TOTAL_AREA_OCCUPIED/60e5078b-d98b-4c6c-9be7-d435dd0df8bb.pdf,460058,,APPROVED,68,1410,2023-05-26 17:09:01.094448,1410,2023-05-26 17:09:16.580232,APPROVED
933170b5-ffe4-474c-b66a-008322bfbf9b,230103_Declaracao_residuos_EYS_assinada.pdf,application/pdf,/storage/bmv/living-carbon-certificate-order-documentation/2023/5/30/18/WASTE_PRODUCTION/933170b5-ffe4-474c-b66a-008322bfbf9b.pdf,195700,,APPROVED,73,1513,2023-05-30 16:09:24.019614,1410,2023-05-30 17:05:53.130716,APPROVED
ede680ae-c441-4232-8e60-37ebf37f50c4,CONTRATO_SOCIAL_-_EYS_-_ULTIMA_VERSAO.pdf,application/pdf,/storage/bmv/living-carbon-certificate-order-documentation/2023/5/30/18/TOTAL_AREA_OCCUPIED/ede680ae-c441-4232-8e60-37ebf37f50c4.pdf,4442102,,APPROVED,70,1513,2023-05-30 11:00:14.049167,1410,2023-05-30 17:06:23.806294,APPROVED
2d3191f6-b5da-4642-a5a6-1fdb125e242c,BMV_-_Proposta_Comercial_-_EYS_assinada.pdf,application/pdf,/storage/bmv/living-carbon-certificate-order-documentation/2023/5/30/18/TOTAL_AREA_OCCUPIED/2d3191f6-b5da-4642-a5a6-1fdb125e242c.pdf,2265673,,APPROVED,70,1513,2023-05-30 11:00:31.712323,1410,2023-05-30 17:06:28.082388,APPROVED
f7c881e1-7b1e-424f-ac0b-0ac253ac27b9,IPTU_2023_ORIGEM_75_compressed.pdf,application/pdf,/storage/bmv/living-carbon-certificate-order-documentation/2023/8/16/25/TOTAL_AREA_OCCUPIED/f7c881e1-7b1e-424f-ac0b-0ac253ac27b9.pdf,98462,,APPROVED,92,1706,2023-08-16 11:26:23.37783,1680,2023-08-16 15:55:06.820874,APPROVED
8744fcda-0e39-4bdd-875c-ec26680077c5,230103_Declaracao_energia_EYS_assinada.pdf,application/pdf,/storage/bmv/living-carbon-certificate-order-documentation/2023/5/30/18/ELECTRICITY/8744fcda-0e39-4bdd-875c-ec26680077c5.pdf,207536,,APPROVED,72,1513,2023-05-30 10:59:12.889249,1410,2023-05-30 15:13:45.183788,APPROVED
75299da7-c6ca-4a3b-8d1f-1c4d42fd2c1a,230103_Declara__o_consumo_hidrico.docx_-_Clicksign_2.pdf,application/pdf,/storage/bmv/living-carbon-certificate-order-documentation/2023/7/26/21/WATER/75299da7-c6ca-4a3b-8d1f-1c4d42fd2c1a.pdf,184486,,APPROVED,81,1513,2023-07-25 14:45:54.296227,1410,2023-07-26 10:46:51.617714,APPROVED
0f2b0418-e471-4109-afe0-fd51afb19ff4,230103_Declara__o_energia__1_.docx_-_Clicksign_2.pdf,application/pdf,/storage/bmv/living-carbon-certificate-order-documentation/2023/7/26/21/ELECTRICITY/0f2b0418-e471-4109-afe0-fd51afb19ff4.pdf,186005,,APPROVED,82,1513,2023-07-25 14:46:08.145538,1410,2023-07-26 10:46:57.267304,APPROVED
755b059a-9cd9-454a-ad3c-c502f964dd60,230227_Declara__o_Colaboradores_-_Metragem_EYS_assinada__1_.pdf,application/pdf,/storage/bmv/living-carbon-certificate-order-documentation/2023/5/30/18/TOTAL_AREA_OCCUPIED/755b059a-9cd9-454a-ad3c-c502f964dd60.pdf,191878,,APPROVED,70,1410,2023-05-30 17:06:43.292899,1410,2023-05-30 17:06:55.222263,APPROVED
c6073ae5-e819-46e0-9366-605f6e00cf8a,230227_Declara__o_Colaboradores_-_Metragem_EYS_assinada__1_.pdf,application/pdf,/storage/bmv/living-carbon-certificate-order-documentation/2023/5/30/18/NUMBER_OF_PEOPLE/c6073ae5-e819-46e0-9366-605f6e00cf8a.pdf,191878,,APPROVED,71,1410,2023-05-30 17:05:25.4558,1410,2023-05-30 17:05:37.355062,APPROVED
a1dd5b47-d57a-496a-876e-174e09e82fdc,Declaracao_Evento_XP.docx_-_Clicksign.pdf,application/pdf,/storage/bmv/living-carbon-certificate-order-documentation/2023/8/15/24/NUMBER_OF_PEOPLE/a1dd5b47-d57a-496a-876e-174e09e82fdc.pdf,236455,,APPROVED,91,1513,2023-08-15 17:57:19.292619,1680,2023-08-15 18:04:15.421675,APPROVED
367f6a8d-0bbd-438c-9126-519c30fbb371,230227_Declara__o_Colaboradores_-_Metragem_EYS_assinada__1_.pdf,application/pdf,/storage/bmv/living-carbon-certificate-order-documentation/2023/5/30/18/NUMBER_OF_PEOPLE/367f6a8d-0bbd-438c-9126-519c30fbb371.pdf,191878,,APPROVED,71,1513,2023-05-30 10:58:39.093986,1410,2023-05-30 17:08:11.851941,APPROVED
4149eadf-c4ca-4497-9b91-e275fe7abd8f,230202_Declaracao_colaboradores.docx_-_Clicksign.pdf,application/pdf,/storage/bmv/living-carbon-certificate-order-documentation/2023/7/25/21/NUMBER_OF_PEOPLE/4149eadf-c4ca-4497-9b91-e275fe7abd8f.pdf,137764,,APPROVED,80,1513,2023-07-25 14:45:40.656038,1410,2023-07-25 16:18:15.723281,APPROVED
fdd3eb0b-1470-487e-a276-4072ce176061,230227_Declara__o_Colaboradores_-_Metragem_EYS_assinada__1_.pdf,application/pdf,/storage/bmv/living-carbon-certificate-order-documentation/2023/5/30/18/TOTAL_AREA_OCCUPIED/fdd3eb0b-1470-487e-a276-4072ce176061.pdf,191878,,APPROVED,70,1513,2023-05-30 10:58:13.122426,1410,2023-05-30 17:08:40.114992,APPROVED
fc51c636-80c4-4034-8824-0181747786af,Consumo__gua_Pinheiros.pdf,application/pdf,/storage/bmv/living-carbon-certificate-order-documentation/2023/8/10/23/WATER/fc51c636-80c4-4034-8824-0181747786af.pdf,107931,,APPROVED,89,1680,2023-08-10 12:14:46.266486,1680,2023-08-10 12:15:21.411446,APPROVED
445a47af-ac91-4b40-b967-4cc4ab09506a,230202_Declaracao_colaboradores.docx_-_Clicksign.pdf,application/pdf,/storage/bmv/living-carbon-certificate-order-documentation/2023/7/25/21/TOTAL_AREA_OCCUPIED/445a47af-ac91-4b40-b967-4cc4ab09506a.pdf,137764,,APPROVED,79,1513,2023-07-25 14:43:19.558754,1410,2023-07-25 16:22:05.672058,APPROVED
88d4cf5d-a3a2-477a-9d01-53d53b4aa312,Declara__o_BR_Arena__1_.pdf,application/pdf,/storage/bmv/living-carbon-certificate-order-documentation/2023/8/10/22/NUMBER_OF_PEOPLE/88d4cf5d-a3a2-477a-9d01-53d53b4aa312.pdf,78345,,APPROVED,84,1680,2023-08-10 12:06:55.613766,1680,2023-08-10 12:08:21.817715,APPROVED
53977910-5fdf-472e-acf3-8545a745129e,Croquis_Pinheiros.pdf,application/pdf,/storage/bmv/living-carbon-certificate-order-documentation/2023/8/10/23/TOTAL_AREA_OCCUPIED/53977910-5fdf-472e-acf3-8545a745129e.pdf,177414,,APPROVED,87,1680,2023-08-10 12:14:55.895176,1680,2023-08-10 12:15:25.204967,APPROVED
2c77bef1-e283-429e-8c16-4448eb00a233,Consumo_Energia_Laguna__1_.pdf,application/pdf,/storage/bmv/living-carbon-certificate-order-documentation/2023/8/10/22/ELECTRICITY/2c77bef1-e283-429e-8c16-4448eb00a233.pdf,217263,,APPROVED,86,1680,2023-08-10 12:07:07.019734,1680,2023-08-10 12:08:25.781004,APPROVED
4b4b35ed-ece5-463f-a0ea-c00ed6c3732a,Consumo__gua_Laguna__1_.pdf,application/pdf,/storage/bmv/living-carbon-certificate-order-documentation/2023/8/10/22/WATER/4b4b35ed-ece5-463f-a0ea-c00ed6c3732a.pdf,98839,,APPROVED,85,1680,2023-08-10 12:07:52.827706,1680,2023-08-10 12:08:29.657926,APPROVED
eb8cb432-2ea3-46c5-bd07-a75e07acaeb8,Declara__o_Laguna__1_.pdf,application/pdf,/storage/bmv/living-carbon-certificate-order-documentation/2023/8/10/22/TOTAL_AREA_OCCUPIED/eb8cb432-2ea3-46c5-bd07-a75e07acaeb8.pdf,70764,,APPROVED,83,1680,2023-08-10 12:08:05.464326,1680,2023-08-10 12:08:34.239425,APPROVED
8037f015-4536-45a8-abdf-8d17ae7943bf,Declara__o_BR_Arena__1_.pdf,application/pdf,/storage/bmv/living-carbon-certificate-order-documentation/2023/8/10/23/NUMBER_OF_PEOPLE/8037f015-4536-45a8-abdf-8d17ae7943bf.pdf,78345,,APPROVED,88,1680,2023-08-10 12:14:24.010035,1680,2023-08-10 12:15:14.354389,APPROVED
9dc57616-76bd-4c99-80ac-7ad98a86f32f,Consumo_Energia_Pinheiros.pdf,application/pdf,/storage/bmv/living-carbon-certificate-order-documentation/2023/8/10/23/ELECTRICITY/9dc57616-76bd-4c99-80ac-7ad98a86f32f.pdf,111609,,APPROVED,90,1680,2023-08-10 12:14:37.929953,1680,2023-08-10 12:15:17.85432,APPROVED
41935d91-ebd6-4e84-b284-3d27adf10c89,ENERGIA.pdf,application/pdf,/storage/bmv/living-carbon-certificate-order-documentation/2023/8/16/25/ELECTRICITY/41935d91-ebd6-4e84-b284-3d27adf10c89.pdf,9957547,,APPROVED,95,1706,2023-08-16 11:26:05.572919,1680,2023-08-16 15:54:59.645591,APPROVED
d90fb4bf-6460-4661-b4a1-e96c6460172b,IPTU_2023_FAIXA_MENOR_LATERAL_compressed.pdf,application/pdf,/storage/bmv/living-carbon-certificate-order-documentation/2023/8/16/25/TOTAL_AREA_OCCUPIED/d90fb4bf-6460-4661-b4a1-e96c6460172b.pdf,92870,,APPROVED,92,1706,2023-08-16 11:26:42.469252,1680,2023-08-16 15:55:10.18954,APPROVED
9e9c2cac-235d-4777-9c82-c21da1d41551,FGTS_062023_QUANTIDADE_FUNCINARIOS_ATUAL_compressed.pdf,application/pdf,/storage/bmv/living-carbon-certificate-order-documentation/2023/8/16/25/NUMBER_OF_PEOPLE/9e9c2cac-235d-4777-9c82-c21da1d41551.pdf,9837,,APPROVED,93,1706,2023-08-16 11:25:52.85533,1680,2023-08-16 15:54:28.775589,APPROVED
15199322-94de-48ef-8ec0-33b9a0a589ac,Declara__o_de_Colaboradores.pdf,application/pdf,/storage/bmv/living-carbon-certificate-order-documentation/2023/12/4/28/NUMBER_OF_PEOPLE/15199322-94de-48ef-8ec0-33b9a0a589ac.pdf,280874,,APPROVED,102,1680,2023-12-04 12:57:33.403145,890,2023-12-06 14:33:28.267059,APPROVED
f9b17eaa-f9df-4478-aad2-4c6f8a2ad475,Declara__o_de_Combustiveis_-_BEMGAIA.pdf,application/pdf,/storage/bmv/living-carbon-certificate-order-documentation/2023/12/4/28/ETHANOL/f9b17eaa-f9df-4478-aad2-4c6f8a2ad475.pdf,276401,,APPROVED,107,1680,2023-12-04 12:58:14.40654,890,2023-12-06 14:35:17.418432,APPROVED
9dd20098-6281-44c6-8f97-ae4fe5e3fe48,DECLARA__O_DE_AREA_CONSTRU_DA_F.A..pdf,application/pdf,/storage/bmv/living-carbon-certificate-order-documentation/2025/5/14/48/TOTAL_AREA_OCCUPIED/9dd20098-6281-44c6-8f97-ae4fe5e3fe48.pdf,1275951,,APPROVED,194,890,2025-05-14 14:59:31.538814,890,2025-05-14 15:11:01.499977,APPROVED
2c613d7e-d7ef-4064-99ad-652be221e1b7,RELA__O_FGTS_ADM_-_04_2025.pdf,application/pdf,/storage/bmv/living-carbon-certificate-order-documentation/2025/5/14/48/NUMBER_OF_PEOPLE/2c613d7e-d7ef-4064-99ad-652be221e1b7.pdf,55378,,APPROVED,195,890,2025-05-14 15:01:24.147318,890,2025-05-14 15:11:07.325462,APPROVED
580e827e-659b-48b0-9724-7de5647e25e1,RELA__O_FGTS_FIOL_-_04_2025.pdf,application/pdf,/storage/bmv/living-carbon-certificate-order-documentation/2025/5/14/48/NUMBER_OF_PEOPLE/580e827e-659b-48b0-9724-7de5647e25e1.pdf,54615,,APPROVED,195,890,2025-05-14 15:01:24.151309,890,2025-05-14 15:11:10.982558,APPROVED
5ab3ecd9-8095-408a-ad20-52757bb7149c,PHOTO-2025-05-13-16-02-00.jpg,image/jpeg,/storage/bmv/living-carbon-certificate-order-documentation/2025/5/14/48/WATER/5ab3ecd9-8095-408a-ad20-52757bb7149c.jpg,107683,,APPROVED,196,890,2025-05-14 15:02:14.708836,890,2025-05-14 15:11:17.749629,APPROVED
a8bd3150-8dcb-4b35-bd7b-fb93bf9c5961,WhatsApp_Image_2025-05-13_at_13.57.57__1_.jpeg,image/jpeg,/storage/bmv/living-carbon-certificate-order-documentation/2025/5/14/48/WATER/a8bd3150-8dcb-4b35-bd7b-fb93bf9c5961.jpeg,159439,,APPROVED,196,890,2025-05-14 15:02:36.294415,890,2025-05-14 15:11:21.536703,APPROVED
778e1f6e-e794-4f90-945a-38bbff63143b,PHOTO-2025-05-13-16-02-56.jpg,image/jpeg,/storage/bmv/living-carbon-certificate-order-documentation/2025/5/14/48/WATER/778e1f6e-e794-4f90-945a-38bbff63143b.jpg,158998,,APPROVED,196,890,2025-05-14 15:02:36.303873,890,2025-05-14 15:11:25.243208,APPROVED
d1edc67d-413e-4dc7-bec1-c1117e295939,contrato-perfeito-nota10__1___6_.pdf,application/pdf,/storage/bmv/living-carbon-certificate-order-documentation/2025/11/18/32/TOTAL_AREA_OCCUPIED/d1edc67d-413e-4dc7-bec1-c1117e295939.pdf,9448,,APPROVED,117,2161,2025-11-18 18:19:36.630629,2161,2025-11-18 18:19:48.465051,ANALYZING
